-- phpMyAdmin SQL Dump
-- version 5.2.1
-- https://www.phpmyadmin.net/
--
-- Gép: 127.0.0.1
-- Létrehozás ideje: 2026. Máj 19. 20:04
-- Kiszolgáló verziója: 10.4.32-MariaDB
-- PHP verzió: 8.2.12

SET SQL_MODE = "NO_AUTO_VALUE_ON_ZERO";
START TRANSACTION;
SET time_zone = "+00:00";


/*!40101 SET @OLD_CHARACTER_SET_CLIENT=@@CHARACTER_SET_CLIENT */;
/*!40101 SET @OLD_CHARACTER_SET_RESULTS=@@CHARACTER_SET_RESULTS */;
/*!40101 SET @OLD_COLLATION_CONNECTION=@@COLLATION_CONNECTION */;
/*!40101 SET NAMES utf8mb4 */;

--
-- Adatbázis: `exam_system`
--

-- --------------------------------------------------------

--
-- Tábla szerkezet ehhez a táblához `admins`
--

CREATE TABLE `admins` (
  `id` int(11) NOT NULL,
  `username` varchar(100) NOT NULL,
  `password_hash` varchar(255) NOT NULL,
  `created_at` timestamp NOT NULL DEFAULT current_timestamp()
) ENGINE=InnoDB DEFAULT CHARSET=utf8mb4 COLLATE=utf8mb4_unicode_ci;

--
-- A tábla adatainak kiíratása `admins`
--

INSERT INTO `admins` (`id`, `username`, `password_hash`, `created_at`) VALUES
(1, 'admin', '$2a$10$keGRcAGi3Bc7s3RCWD8/IeWsF61Gx0CV/jOSjICExnhwlBmaFL8OW', '2026-05-19 11:00:55'),
(2, 'admin4', '$2a$10$keGRcAGi3Bc7s3RCWD8/IeWsF61Gx0CV/jOSjICExnhwlBmaFL8OW', '2026-05-19 11:21:50');

-- --------------------------------------------------------

--
-- Tábla szerkezet ehhez a táblához `answer_options`
--

CREATE TABLE `answer_options` (
  `id` int(11) NOT NULL,
  `question_id` int(11) NOT NULL,
  `option_text` text NOT NULL,
  `is_correct` tinyint(1) DEFAULT 0,
  `sort_order` int(11) DEFAULT 0
) ENGINE=InnoDB DEFAULT CHARSET=utf8mb4 COLLATE=utf8mb4_unicode_ci;

--
-- A tábla adatainak kiíratása `answer_options`
--

INSERT INTO `answer_options` (`id`, `question_id`, `option_text`, `is_correct`, `sort_order`) VALUES
(1, 1, 'A távoli repository-ban csak akkor lesz érvényes a változtatás, ha a „git push\" utasítást kiadjuk.', 1, 0),
(2, 1, 'Később meg fog jelenni, de várni kell ehhez néhány órát.', 0, 0),
(3, 1, 'Csak akkor fog látszódni, ha manuálisan töltjük fel a változást a GitHub repository weboldalán.', 0, 0),
(4, 1, 'Ismét ki kell adni a git clone utasítást.', 0, 0),
(5, 2, 'Be lehet úgy állítani a GitHub repository-t, hogy bárki tudja olvasni a tartalmát regisztráció nélkül is.', 1, 0),
(6, 2, 'Van olyan fejlesztői környezet, amely támogatja a GitHub repository-val szinkronizálást.', 1, 0),
(7, 2, 'A GitHub felhasználói fiókon csak egy repository hozható létre, ha többet szeretnénk, akkor új fiókot kell regisztrálni.', 0, 0),
(8, 2, 'A repository-t mindenképpen a helyi gépen kell először létrehozni, és csak utána lehet a távolin létrehozni.', 0, 0),
(9, 3, 'A hivatkozásnál elegendő a href után a keresendő szöveget beírni, és a böngésző automatikusan megkeresi a megfelelő szöveget.', 0, 0),
(10, 3, 'Ahova szeretnénk ugrani, ott azonosítót (id, például „teszt\") állítunk be a megfelelő elemhez, és a hivatkozásnál #teszt segítségével lehet a megfelelő helyre ugrani.', 1, 0),
(11, 3, 'Nem oldható meg, mert hivatkozás segítségével csak külső weblapokra lehet hivatkozni.', 0, 0),
(12, 3, 'Ahova szeretnénk ugrani, ott osztályt (class) állítunk be a megfelelő elemhez, és a hivatkozásnál #valami segítségével lehet a megfelelő helyre ugrani.', 0, 0),
(13, 5, '10', 0, 0),
(14, 5, '1,2,10', 0, 0),
(15, 5, '1,2,5', 0, 0),
(16, 5, '1,2,5,10', 1, 0),
(17, 6, 'A hagyományos tömbtől eltérően itt az elemek száma változhat futási időben.', 1, 0),
(18, 6, 'A tömb elemeinek értékét nem lehet módosítani.', 0, 0),
(19, 6, 'Kizárólag számok tárolhatók benne, más típusú adatok nem.', 0, 0),
(20, 6, 'Nemcsak üres tömböt lehet deklarálni, a deklarációnál megadhatók a tömb elemeinek kezdőértékei.', 1, 0),
(21, 6, 'Az elemekre kerek zárójel () segítségével tudunk hivatkozni.', 0, 0),
(22, 7, 'ImaxCurrency!', 0, 0),
(23, 7, 'maxCurrency', 1, 0),
(24, 7, 'n//This is the max currency', 0, 0),
(25, 7, 'maximálisValuta', 0, 0),
(26, 8, 'A metódus paraméterébe nem adunk át semmit, hanem létrehozunk globális változót.', 0, 0),
(27, 8, 'A metódus paraméterébe csak a User objektum példányát adjuk át.', 1, 0),
(28, 8, 'A metódus paraméterébe mind a 10 adatot átadjuk egyesével, és a végén a teljes User objektum példányt is.', 0, 0),
(29, 8, 'A metódus paraméterébe mind a 10 adatot átadjuk egyesével.', 0, 0),
(30, 9, 'DELETE Jatekosok WHERE nev=\"Minta József\";', 0, 0),
(31, 9, 'REMOVE FROM Jatekosok WHERE nev=\"Minta József\";', 0, 0),
(32, 9, 'DELETE nev FROM Jatekosok WHERE nev=\"Minta József\";', 0, 0),
(33, 9, 'DELETE FROM Jatekosok WHERE nev=\"Minta József\";', 1, 0),
(34, 10, 'protected', 0, 0),
(35, 10, 'public', 1, 0),
(36, 10, 'static', 0, 0),
(37, 10, 'include', 0, 0),
(38, 11, 'Leíró nyelv, amellyel a weblap formázását lehet megadni.', 0, 0),
(39, 11, 'A segítségével a weblapot olyan felhasználók is tudják szerkeszteni, akiknek nincs webfejlesztési és programozási tapasztalata.', 1, 0),
(40, 11, 'Szülői felügyelet alkalmazása.', 0, 0),
(41, 11, 'Asztali alkalmazás fejlesztésére szolgáló programozási környezet.', 0, 0),
(42, 13, 'Funkcionális tesztelés.', 0, 0),
(43, 13, 'Fekete dobozos tesztelés.', 0, 0),
(44, 13, 'Fehér dobozos tesztelés.', 1, 0),
(45, 13, 'Fizikai tesztelés.', 0, 0),
(46, 14, 'Az adatok legtöbb esetben lekérhetők, azonban akadályozhatja a lekérést a CORS beállítása vagy az API kulcs hiánya.', 1, 0),
(47, 14, 'Előfordulhat, hogy az API kérések számát korlátozza a rendszer.', 1, 0),
(48, 14, 'Az API kérés megoldható minden esetben, azonban mindig szükséges API kulcs hozzá.', 0, 0),
(49, 14, 'Az API kérést csak szerver oldalon lehet megoldani, kliens oldalon nem.', 0, 0),
(50, 15, 'A Frontend fejlesztő anélkül is tud dolgozni a weboldalon, hogy a Backend kódját ismerné.', 1, 0),
(51, 15, 'A JavaScriptnek létezik Frontend készítésére szolgáló keretrendszere.', 1, 0),
(52, 15, 'Ameddig a Backend rész fejlesztése nincs kész, a Frontend rész nem kezdhető el.', 0, 0),
(53, 15, 'A weblap Frontend és Backend része minden esetben teljesen szétválik.', 0, 0),
(54, 16, 'Minden esetben kötelező SQL utasításokat futtatni.', 0, 0),
(55, 16, 'Az adatbázis tárolása nem a Backend, hanem a Frontend feladata.', 0, 0),
(56, 16, 'Az ORM segítségével az adatbázist a Backend rendszer objektumokra képezi le, és így a kódban objektumok módosításával végezhetők az adatbázis műveletei.', 1, 0),
(57, 16, 'Nincs adatbázis tárolva, csak txt állományokban van az adat tárolva.', 0, 0),
(58, 17, 'Az alkalmazás fejlesztését nem feltétlenül szükséges az elejétől kezdeni, de szükséges kiegészíteni a kódot, hogy működjön iOS-en is.', 1, 0),
(59, 17, 'Minden esetben futtatható az Android-ra írt alkalmazás iOS-en is.', 0, 0),
(60, 17, 'Semmiképpen nem lehetséges átírni, a fejlesztést teljesen az elejétől kell kezdeni.', 0, 0),
(61, 17, 'Az alkalmazás átírható, azonban más fejlesztői környezetet kell választani, mivel nincs olyan környezet, ami egyaránt támogatja az Android-ot és iOS-t is.', 0, 0),
(62, 18, 'A végpont minden esetben a teljes adatbázis tartalmát adja vissza, és majd JavaScript segítségével ki lehet az adatokat választani.', 0, 0),
(63, 18, 'Minden egyes keresésnél a Backend fejlesztőnek külön API végpontot kell írni a kereséshez.', 0, 0),
(64, 18, 'A végpontot paraméterezve írja meg, így az API kérésnél már csak a kiválasztott játékok kerülnek visszaadásra.', 1, 0),
(65, 18, 'Nem megoldható, a Backend fejlesztő minden esetben lekéri az adatokat, és email-ben átküldi a visszaadott JSON adatot.', 0, 0),
(66, 19, 'changes', 0, 0),
(67, 19, 'difference', 0, 1),
(68, 19, 'diff', 1, 2),
(69, 19, 'compare', 0, 3),
(70, 20, 'Jira', 0, 0),
(71, 20, 'Facebook messenger', 0, 1),
(72, 20, 'OneDrive', 1, 2),
(73, 20, 'Trello', 0, 3),
(74, 21, 'A kódrészlet nem szabványos, és nem is működik a böngészőkben.', 0, 0),
(75, 21, 'A kódrészlet szabványos, de böngészők nem jelenítik meg a hivatkozást.', 0, 1),
(76, 21, 'A kódrészlet nem szabványos, bár a hivatkozás a böngészőkben működik.', 1, 2),
(77, 21, 'A kódrészlet szabványos, a hivatkozás működni fog a böngészőkben, de nem ajánlott a használata.', 0, 3),
(78, 22, '206', 1, 0),
(79, 22, '210', 0, 1),
(80, 22, '220', 0, 2),
(81, 23, 'Egy 501-nél kisebb véletlenszámot', 0, 0),
(82, 23, 'Semmit, mert a kód szintaktiaki hiba miatt nem fut le', 0, 1),
(83, 23, '100-nál nagyobb vagy egyenlő, 501-nél kisebb véletlenszámot', 1, 2),
(84, 23, '100-nál nagyobb, 500-nál kisebb véletlenszámot', 0, 3),
(85, 24, 'Az első állítás hamis, a második igaz.', 0, 0),
(86, 24, 'Mindkét állítás igaz.', 1, 1),
(87, 24, 'Az első állítás igaz, a második hamis.', 0, 2),
(88, 24, 'Egyik állítás sem igaz.', 0, 3),
(89, 25, 'Object-oriented programming', 0, 0),
(90, 25, 'Hungarian notation', 0, 1),
(91, 25, 'Clean code', 1, 2),
(92, 25, 'Literate programming', 0, 3),
(93, 26, 'A függvények hossza legjobb, ha csak pár soros.', 1, 0),
(94, 26, 'A tiszta kód nem ad ajánlást a függvények méretésre vonatkozóan.', 0, 1),
(95, 26, 'Egy függvény lehet akár 100 soros is, ez még átlátható méret.', 0, 2),
(96, 26, 'A függvények mérete körülbelül 20 sor legyen. ennél több nem ajánlott, kevesebbet nem érdemes függvényben szervezni.', 0, 3),
(97, 27, 'SELECT COUNT(examScore) FROM examResults WHERE examId = 1', 0, 0),
(98, 27, 'SELECT COUNT(examScore) FROM examResults GROUP BY examId', 0, 1),
(99, 27, 'SELECT AVG(examScore) FROM examResults GROUP BY examId', 0, 2),
(100, 27, 'SELECT AVG(examScore) FROM examResults WHERE examId = 1', 1, 3),
(101, 28, 'LIMIT', 0, 0),
(102, 28, 'DISTINCT', 1, 1),
(103, 28, 'DISTRICT', 0, 2),
(104, 28, 'REDUCE', 0, 3),
(105, 29, 'IGAZ', 1, 0),
(106, 29, 'HAMIS', 0, 1),
(107, 30, 'Mindhárom keretrendszer segítségével megvalósítható.', 1, 0),
(108, 30, 'React', 0, 1),
(109, 30, 'Vue.js', 0, 2),
(110, 30, 'Angular', 0, 3),
(111, 31, 'structural directives', 0, 0),
(112, 31, 'string interpolation', 1, 1),
(113, 31, 'event binding', 0, 2),
(114, 31, 'conditional rendering', 0, 3),
(115, 33, 'binding interfaces', 0, 0),
(116, 33, 'routes with parameters', 1, 1),
(117, 33, 'repository patterns', 0, 2),
(118, 33, 'install commands', 0, 3),
(119, 34, 'Futás közben Stack overflow hiba keletkezik a túl sok példányosítás miatt', 0, 0),
(120, 34, 'Hiba nélkül lefut, ez a konstruktor túlterhelés.', 1, 1),
(121, 34, 'Fordítási hiba keletkezik, metódus túlterhelés nem működik a konstruktorok esetében.', 0, 2),
(122, 34, 'Futás idejű hiba keletkezik, a vezérlés nem tud választani a konstruktorok között a példányosításkor.', 0, 3),
(123, 35, 'interface', 1, 0),
(124, 35, 'destructor', 0, 1),
(125, 35, 'abstract', 0, 2),
(126, 35, 'constructor', 0, 3),
(127, 36, 'Növeli a hasznos reduncanciát az adatbevitel során.', 0, 0),
(128, 36, 'A CMS rendszereket nem tudják megtámadni a webről.', 0, 1),
(129, 36, 'A tartalom szerkesztése elkülönül a fejlesztéstől.', 1, 2),
(130, 36, 'Mind a három állítás igaz.', 0, 3),
(135, 38, 'Keretrendszer teszt', 0, 0),
(136, 38, 'Felhasználói felület teszt', 1, 1),
(137, 38, 'Rendszerüzemeltetés teszt', 0, 2),
(138, 38, 'API teszt', 0, 3),
(143, 40, 'Git', 0, 0),
(144, 40, 'Trello', 1, 1),
(145, 40, 'Svn (Subversion)', 0, 2),
(146, 40, 'Cvs', 0, 3),
(147, 39, 'branch', 0, 0),
(148, 39, 'repository', 0, 1),
(149, 39, 'force', 0, 2),
(150, 39, 'remote', 1, 3),
(151, 41, '<hr>', 1, 0),
(152, 41, '<br>', 0, 1),
(153, 41, '<th>', 0, 2),
(154, 41, '<rt>', 0, 3),
(155, 42, 'color', 0, 0),
(156, 42, 'display', 0, 1),
(157, 42, 'margin', 1, 2),
(158, 42, 'font-family', 0, 3),
(159, 43, '4', 0, 0),
(160, 43, '3', 0, 1),
(161, 43, 'null', 0, 2),
(162, 43, 'undefined', 1, 3),
(163, 44, '0,1,2,3,5,8,13', 0, 0),
(164, 44, '0,1,1,2,3,5,8', 1, 1),
(165, 44, '1,1,2,3,5,8,13', 0, 2),
(166, 44, '0,1,1,2,3,5,8,13', 0, 3),
(167, 45, 'maidenName()', 1, 0),
(168, 45, 'getName()', 0, 1),
(169, 45, 'setFirstName()', 0, 2),
(170, 45, 'upgradeLastName()', 0, 3),
(171, 46, '1-2', 0, 0),
(172, 46, '1-5', 1, 1),
(173, 46, '5-10', 0, 2),
(174, 46, '10-20', 0, 3),
(175, 47, 'FROM', 0, 0),
(176, 47, 'SET', 1, 1),
(177, 47, 'INTO', 0, 2),
(178, 47, 'VALUES', 0, 3),
(179, 48, 'UNIQUE', 0, 0),
(180, 48, 'UNIQUE ROWS', 0, 1),
(181, 48, 'DIST', 0, 2),
(182, 48, 'DISTINCT', 1, 3),
(183, 49, 'RAM és processzorhasználat optimális keretek között tartható.', 1, 0),
(184, 49, 'Alacsonyabb költségek és rövidebb fejlesztési idő.', 0, 1),
(185, 49, 'A kezdetektől nagyobb felhasználói bázis.', 0, 2),
(186, 49, 'Egy kódbázis elég több platformra való fejlesztésre.', 0, 3),
(187, 50, 'React', 0, 0),
(188, 50, 'Angular', 0, 1),
(189, 50, 'Vue', 1, 2),
(190, 50, 'Ember.js', 0, 3),
(191, 51, 'React', 1, 0),
(192, 51, 'Angular', 0, 1),
(193, 51, 'Vue', 0, 2),
(194, 51, 'Ember', 0, 3),
(195, 52, 'MySQL', 0, 0),
(196, 52, 'MariaDB', 0, 1),
(197, 52, 'Oracle', 0, 2),
(198, 52, 'MongoDB', 1, 3),
(199, 53, 'Kódolás (titkosítás) kapcsolója', 0, 0),
(200, 53, 'Dekódolást kapcsolja', 0, 1),
(201, 53, 'Inicializált / inicializálatlan objektumot jelez', 0, 2),
(202, 53, 'Aszinkronkapcsoló', 1, 3),
(203, 54, 'Dinamikus metódus', 0, 0),
(204, 54, 'Konstruktor', 0, 1),
(205, 54, 'Jellemző', 1, 2),
(206, 54, 'Statikus metódus', 0, 3),
(207, 55, 'Descendant class', 1, 0),
(208, 55, 'Ancestor class', 0, 1),
(209, 55, 'Derivative class', 0, 2),
(210, 55, 'Progeny class', 0, 3),
(211, 56, 'WordPress', 0, 0),
(212, 56, 'Azure', 1, 1),
(213, 56, 'Joomla', 0, 2),
(214, 56, 'Drupal', 0, 3),
(215, 57, 'Bingo', 1, 0),
(216, 57, 'Jest', 0, 1),
(217, 57, 'Mocha', 0, 2),
(218, 57, 'Jasmine', 0, 3),
(219, 58, 'Integrációs teszt', 0, 0),
(220, 58, 'Felhasználói felület teszt', 0, 1),
(221, 58, 'Manuális teszt', 0, 2),
(222, 58, 'Egységteszt', 1, 3),
(223, 59, 'object', 0, 0),
(224, 59, 'interface', 1, 1),
(225, 59, 'function', 0, 2),
(226, 59, 'class', 0, 3),
(227, 60, 'Kapcsolattípus', 0, 0),
(228, 60, 'Tulajdonságtípus', 0, 1),
(229, 60, 'Egyedtípus', 1, 2),
(230, 60, 'Kapcsolat', 0, 3),
(231, 61, 'Üzemeltetés, karbantartás', 0, 0),
(232, 61, 'Rendszeres mentés', 0, 1),
(233, 61, 'Felhasználói dokumentáció', 0, 2),
(234, 61, 'Tesztelés', 1, 3),
(235, 62, 'const dt_Now = moment().format(\"YYYY/MM/DD\");', 0, 0),
(236, 62, 'const d = moment().format(\"YYYY/MM/DD\");', 0, 1),
(237, 62, 'const time = moment().format(\"YYYY/MM/DD\");', 0, 2),
(238, 62, 'const currentDate = moment().format(\"YYYY/MM/DD\");', 1, 3),
(239, 63, 'PUT', 0, 0),
(240, 63, 'POST', 0, 1),
(241, 63, 'FOOT', 1, 2),
(242, 63, 'OPTIONS', 0, 3),
(243, 64, '<il>', 0, 0),
(244, 64, '<cl>', 0, 1),
(245, 64, '<ul>', 0, 2),
(246, 64, '<ol>', 1, 3),
(247, 65, 'false', 1, 0),
(248, 65, 'hibaüzenetet kapunk', 0, 1),
(249, 65, 'true', 0, 2),
(250, 65, 'null', 0, 3),
(251, 66, 'Mustache technológiát használ a CSS kiváltására.', 1, 0),
(252, 66, 'Objektumorientált technológiát alkalmaz.', 0, 1),
(253, 66, 'Képes JSON adatszerkezettel dolgozni.', 0, 2),
(254, 66, 'CSS szelektort használ a DOM elemeinek eléréséhez.', 0, 3),
(255, 67, 'Igaz', 1, 0),
(256, 67, 'Hamis, mert nem tartalomkezelő rendszer.', 0, 1),
(257, 67, 'Hamis, mert nem ingyenes.', 0, 2),
(258, 67, 'Hamis, mert nem nyílt forráskódú.', 0, 3),
(259, 68, 'Elsődleges függvény (primary function)', 0, 0),
(260, 68, 'Makró függvény (macro function)', 0, 1),
(261, 68, 'Másodlagos függvény (secondary function)', 0, 2),
(262, 68, 'Nyílfüggvény (arrow function)', 1, 3),
(263, 69, 'Új munkatárs esetén meggyorsítja a beilleszkedést.', 0, 0),
(264, 69, 'Akár évekre visszamenőleg hozzáférhetünk a dokumentumainkhoz.', 0, 1),
(265, 69, 'Folyamatos e-mail-kommunikációval jár együtt.', 1, 2),
(266, 69, 'Eszközfüggetlen használat jellemző rájuk.', 0, 3),
(267, 70, 'Ionic + Angular.JS', 0, 0),
(268, 70, 'Xcode + Objective-C', 0, 1),
(269, 70, 'Kotlin Multiplatform Mobile', 1, 2),
(270, 70, 'React Native + Swift', 0, 3),
(271, 72, '170', 1, 0),
(272, 72, '150', 0, 1),
(273, 72, '100', 0, 2),
(274, 72, '140', 0, 3),
(275, 73, 'Statikus osztály', 0, 0),
(276, 73, 'Statikus objektum', 0, 1),
(277, 73, 'Dinamikus osztály', 0, 2),
(278, 73, 'Dinamikus objektum', 1, 3),
(279, 74, 'onClick', 0, 0),
(280, 74, 'event', 0, 1),
(281, 74, 'function', 0, 2),
(282, 74, 'click', 1, 3),
(283, 75, 'Szintaktikai hiba miatt nem fut le a kódrészlet.', 0, 0),
(284, 75, '18', 0, 1),
(285, 75, '19', 1, 2),
(286, 75, '20', 0, 3),
(291, 76, 'if (student.classes.length < 7) { // Do something } - Nincsenek felesleges konstansok.', 0, 0),
(292, 76, 'if (student.classes.length < 7) { // Do something } - Mert így rövidebb a kód.', 0, 1),
(293, 76, 'if (student.classes.length < MAX_CLASSES_PER_STUDENT) { // Do something } -  Ajánlott kereshető, nevesített konstansokkal dolgozni.', 1, 2),
(294, 76, 'if (student.classes.length < MAX_CLASSES_PER_STUDENT) { // Do something } - Megvalósítja az ismételd önmagad (DRY, do repeat yourself) technikát.', 0, 3),
(295, 77, 'Üres táblázat', 0, 0),
(296, 77, 'Pirelli', 1, 1),
(297, 77, 'Michelin', 0, 2),
(298, 77, 'Continental', 0, 3),
(299, 78, 'Túltesztelt terület', 1, 0),
(300, 78, 'Teszteletlen terület', 0, 1),
(301, 78, 'Tesztelési lyuk', 0, 2),
(302, 78, 'Jól automatizálható', 0, 3),
(303, 79, 'onLoad', 1, 0),
(304, 79, 'Loaded', 0, 1),
(305, 79, 'onLoaded', 0, 2),
(306, 79, 'Load', 0, 3),
(307, 80, 'Accept-Encoding', 1, 0),
(308, 80, 'Content-Type', 0, 1),
(309, 80, 'Accept-Charset', 0, 2),
(310, 80, 'Cache-Control', 0, 3),
(311, 81, 'Hamis, mert a lehető legkisebb mértékben kell ismernie.', 1, 0),
(312, 81, 'Igaz.', 0, 1),
(313, 81, 'Nincs ilyen törvény.', 0, 2),
(314, 81, 'Hamis, mert ezt nem lehet általánosítani.', 0, 3),
(315, 82, 'Hamis, mert a .NET nem alkalmas játékok fejlesztésére.', 0, 0),
(316, 82, 'Hamis, mert az Android Studio nem fejlesztőkörnyezet.', 0, 1),
(317, 82, 'Igaz.', 0, 2),
(318, 82, 'Hamis, mert az Android Studio nem .NET alapú.', 1, 3),
(319, 83, 'rounded', 0, 0),
(320, 83, 'radius', 0, 1),
(321, 83, 'border-rounded', 0, 2),
(322, 83, 'border-radius', 1, 3),
(323, 84, 'commit', 1, 0),
(324, 84, 'branch', 0, 1),
(325, 84, 'push', 0, 2),
(326, 84, 'add', 0, 3),
(327, 85, 'document.getElement.byName', 0, 0),
(328, 85, 'document.getElements.byName', 0, 1),
(329, 85, 'document.getElementByName', 0, 2),
(330, 85, 'document.getElementsByName', 1, 3),
(331, 86, 'GUI (Gfi)', 0, 0),
(332, 86, 'MVC (MNV)', 1, 1),
(333, 86, 'SSH (BiH)', 0, 2),
(334, 86, 'API (APF)', 0, 3),
(335, 87, 'primary key', 0, 0),
(336, 87, 'secondary key', 0, 1),
(337, 87, 'foreign key', 1, 2),
(338, 87, 'unique key', 0, 3),
(339, 88, 'TDD', 1, 0),
(340, 88, 'TAP', 0, 1),
(341, 88, 'UUT', 0, 2),
(342, 88, 'BDD', 0, 3),
(343, 89, 'Manuális teszt', 0, 0),
(344, 89, 'Integrációs teszt', 0, 1),
(345, 89, 'Felhasználói felület teszt', 0, 2),
(346, 89, 'Egységteszt', 1, 3),
(347, 90, '<link>', 0, 0),
(348, 90, '<menubar>', 0, 1),
(349, 90, '<nav>', 1, 2),
(350, 90, '<header>', 0, 3),
(351, 91, 'GROUP', 0, 0),
(352, 91, 'WHERE', 0, 1),
(353, 91, 'HAVING', 1, 2),
(354, 91, 'FILTER', 0, 3),
(355, 92, 'POST', 0, 0),
(356, 92, 'GET', 0, 1),
(357, 92, 'PUT', 0, 2),
(358, 92, 'DONE', 1, 3),
(359, 93, 'GitHub', 0, 0),
(360, 93, 'Slack', 0, 1),
(361, 93, 'Dropbox', 0, 2),
(362, 93, ' Mindegyikhez van Trello integráció.', 1, 3),
(363, 94, 'Hamis, mert az interfész nem lehet absztrakt.', 0, 0),
(364, 94, 'Hamis, mert az interfészek nem nevezhetőek osztálynak.', 0, 1),
(365, 94, 'Ez mindig az adott programtól függ.', 0, 2),
(366, 94, 'Igaz.', 1, 3),
(367, 95, 'A tartalomkezelő rendszer segítségével néhány kattintással megváltoztathatod a weboldal szerkezetét.', 0, 0),
(368, 95, 'A piacvezető CMS rendszerek tartalmaznak keresőoptimalizálást.', 0, 1),
(369, 95, 'A nyílt forráskódú piacvezető CMS rendszerekhez lassabban készülnek biztonsági frissítések.', 1, 2),
(370, 95, 'A tartalomkezelő rendszer programozási ismeretek nélkül segít szerkeszteni a weboldalakat.', 0, 3),
(371, 96, 'statikus metódus', 0, 0),
(372, 96, 'dinamikus metódus', 0, 1),
(373, 96, 'konstruktor', 1, 2),
(374, 96, 'interfész', 0, 3),
(375, 97, 'Symfony', 0, 0),
(376, 97, 'Laravel', 0, 1),
(377, 97, 'Backbone', 1, 2),
(378, 97, 'Zend Framework', 0, 3),
(379, 98, 'Tartalmazzon típusra utalást.', 1, 0),
(380, 98, 'Kommunikálja jól a fejlesztő szándékát.', 0, 1),
(381, 98, 'Egységes terminológia használata ugyanarra a koncepcióra (add, remove, insert).', 0, 2),
(382, 98, 'Kiejthető legyen a szóbeli kommunikáció végett.', 0, 3),
(383, 99, '<lf>', 0, 0),
(384, 99, '<br>', 1, 1),
(385, 99, '<hr>', 0, 2),
(386, 99, '<cr>', 0, 3),
(387, 100, 'Java/Swing', 1, 0),
(388, 100, 'React Native', 0, 1),
(389, 100, 'Obejctive-C/Swift', 0, 2),
(390, 100, 'Java/Kotlin', 0, 3),
(391, 101, 'Swing', 0, 0),
(392, 101, 'GitHub', 0, 1),
(393, 101, 'Joomla', 1, 2),
(394, 101, 'Angular', 0, 3),
(395, 102, 'MySQL', 0, 0),
(396, 102, 'MongoDB', 1, 1),
(397, 102, 'Oracle Database', 0, 2),
(398, 102, 'MariaDB', 0, 3),
(399, 103, 'dinamikus metódus', 0, 0),
(400, 103, 'statikus metódus', 0, 1),
(401, 103, 'jellemző', 1, 2),
(402, 103, 'konstruktor', 0, 3),
(403, 104, 'XMLHttpsRequest', 0, 0),
(404, 104, 'XMLHttpResponse', 0, 1),
(405, 104, 'XMLHttpsResponse', 0, 2),
(406, 104, 'XMLHttpRequest', 1, 3),
(407, 105, 'Axios', 0, 0),
(408, 105, 'ESLint', 0, 1),
(409, 105, 'Node.js', 0, 2),
(410, 105, 'Jest', 1, 3),
(411, 106, 'clear', 0, 0),
(412, 106, 'delete', 0, 1),
(413, 106, 'erase', 0, 2),
(414, 106, 'remove', 1, 3),
(415, 107, 'Amazon', 0, 0),
(416, 107, 'Facebook', 0, 1),
(417, 107, 'Google', 1, 2),
(418, 107, 'Apple', 0, 3),
(419, 108, 'git load issue-68', 0, 0),
(420, 108, 'git checkout issue-68', 0, 1),
(421, 108, 'git open issue-68', 0, 2),
(422, 108, 'git switch issue-68', 1, 3),
(423, 109, 'i > 0', 0, 0),
(424, 109, 'i >= 0', 0, 1),
(425, 109, 'x++', 0, 2),
(426, 109, 'x--', 1, 3),
(427, 110, 'TOP', 0, 0),
(428, 110, 'LIMIT', 1, 1),
(429, 110, 'REDUCE', 0, 2),
(430, 110, 'NUMBER OF', 0, 3),
(431, 111, 'React', 1, 0),
(432, 111, 'Swing', 0, 1),
(433, 111, 'Axios', 0, 2),
(434, 111, 'Mongoose', 0, 3),
(435, 112, 'Huffman helyettesítési elv', 0, 0),
(436, 112, 'Liskov helyettesítési elv', 1, 1),
(437, 112, 'Karpinski helyettesítési elv', 0, 2),
(438, 112, 'Turing helyettesítési elv', 0, 3),
(439, 113, 'FROM', 0, 0),
(440, 113, 'WHEN', 0, 1),
(441, 113, 'WHERE', 1, 2),
(442, 113, 'IF', 0, 3),
(443, 114, 'foo3(\'RSB\', \'SBS\')', 0, 0),
(444, 114, 'foo3(\'BMI\', \'IBM\')', 1, 1),
(445, 114, 'foo3(\'ABC\', \'CBA\')', 0, 2),
(446, 114, 'foo3(\'ABC\', \'DBA\')', 0, 3),
(447, 115, 'changeName()', 0, 0),
(448, 115, 'getName()', 0, 1),
(449, 115, 'firstName()', 1, 2),
(450, 115, 'setLastName()', 0, 3),
(451, 116, 'width', 0, 0),
(452, 116, 'font-size', 0, 1),
(453, 116, 'margin-top', 0, 2),
(454, 116, 'border', 1, 3),
(455, 117, 'late binding', 0, 0),
(456, 117, 'polymorphism', 0, 1),
(457, 117, 'inheritance', 1, 2),
(458, 117, 'encapsulation', 0, 3),
(459, 118, 'egységteszt', 0, 0),
(460, 118, 'integrációs teszt', 0, 1),
(461, 118, 'felhasználói felület teszt', 1, 2),
(462, 118, 'manuális teszt', 0, 3),
(463, 120, 'A repository-ba a már lefordított programot érdemes feltenni.', 0, 0),
(464, 120, 'A repository-ba a program forráskódját érdemes feltenni.', 1, 1),
(465, 120, 'A nyilvános repository-ban bárki olvashatja a feltöltött állományokat és mappákat, de feltölteni csak az tud, akinek engedélye van hozzá.', 1, 2),
(466, 120, 'A változtatások érvényesítése (commit) során nem írható megjegyzés.', 0, 3),
(467, 122, '<img href=\"kep.png\" alt=\"céglogó\">', 0, 0),
(468, 122, '<img href=\"kep.png\" alt=\"céglogó\"/>', 0, 1),
(469, 122, '<img alt=\"Céglogó\" kep.png </img>', 0, 2),
(470, 122, '<img source=\"kep.png\" alt=\"céglogó\">', 0, 3),
(471, 122, '<img src=\"kep.png\" alt=\"céglogó\">', 1, 4),
(472, 124, 'Hibás a kód, ezért egyetlen értéket sem ír ki.', 0, 0),
(473, 124, '9', 0, 1),
(474, 124, '1', 0, 2),
(475, 124, '8', 0, 3),
(476, 124, '7', 1, 4),
(477, 125, 'átváltforintoteuróba', 0, 0),
(478, 125, 'convertHUFtoEUR', 1, 1),
(479, 125, 'dosomethingconvert', 0, 2),
(480, 125, 'convertHUFból', 0, 3),
(481, 126, 'Egy függvényt készít a két feladat megoldására, amely globális változóban adja vissza mindkét értéket.', 0, 0),
(482, 126, 'Külön-külön függvényeket készít az átlag kiszámítására és a minimum értékének meghatározására, és az értékeket globális változókban adja vissza.', 0, 1),
(483, 126, 'Külön-külön készít függvényt az átlag kiszámítására és a minimum értékének meghatározására. A keresett értékeket a függvények visszatérési értékként kapja meg.', 1, 2),
(484, 126, 'Egy függvényt készít, amely egy paraméterben lévő érték alapján dönti el, hogy átlagot vagy minimum értéket számít. A keresett értéket a függvény visszatérési értékként kapja meg.', 0, 3),
(485, 127, 'SELECT Nev FROM Tanulok WHERE Osztaly=\"12C\" AND Atlag>4 ORDER BY Nev;', 1, 0),
(486, 127, 'SELECT Nev FROM Tanulok ORDER BY Nev WHERE Osztaly=\"12C\" AND Atlag>4;', 0, 1),
(487, 127, 'SELECT Nev FROM Tanulok WHERE Atlag>4 ORDER BY Nev AND Osztaly=\"12C\";', 0, 2),
(488, 127, 'SELECT Nev WHERE Osztaly=\"12C\" AND Atlag>4 ORDER BY Nev FROM Tanulok;', 0, 3),
(489, 128, 'név', 0, 0),
(490, 128, 'oktatási azonosító', 1, 1),
(491, 128, 'anyja neve', 0, 2),
(492, 128, 'személyi igazolvány száma', 1, 3),
(493, 128, 'lakcím', 0, 4),
(494, 129, 'React Native', 0, 0),
(495, 129, 'Python', 1, 1),
(496, 129, 'MIT App Inventor', 0, 2),
(497, 129, 'Android Studio', 0, 3),
(498, 130, 'React Native', 0, 0),
(499, 130, 'Flutter', 0, 1),
(500, 130, 'Xamarin', 0, 2),
(501, 130, 'Vue.js', 1, 3),
(502, 130, 'Express.js', 0, 4),
(503, 132, 'a weboldal kinézetének kialakítása', 1, 0),
(504, 132, 'csatlakozás adatbázishoz', 0, 1),
(505, 132, 'adatok tárolása, feldolgozása', 0, 2),
(506, 132, 'API-k írása', 0, 3),
(507, 133, 'első', 1, 0),
(508, 133, 'második', 0, 1),
(509, 133, 'harmadik', 0, 2),
(510, 133, 'negyedik', 0, 3),
(511, 134, 'Inheritance (öröklés)', 0, 0),
(512, 134, 'Encapsulation (egységbezárás)', 1, 1),
(513, 134, 'Polymorphism (sokalakúság)', 0, 2),
(514, 136, 'A weblapra olyanok is képesek lesznek feltölteni tartalmakat, akiknek csak kevesebb informatikai képzettsége van.', 1, 0),
(515, 136, 'Nem rendelkeznek adminisztrációs felülettel.', 0, 1),
(516, 136, 'Csak a programozóknak könnyíti meg a weblap kialakítását, a felhasználók és cikkek készítőinek munkáján egyáltalán nem könnyít.', 0, 2),
(517, 136, 'Nem létezik ingyenes változattal rendelkező CMS rendszer.', 0, 3),
(518, 137, 'Assert', 0, 0),
(519, 137, 'Arrange', 1, 1),
(520, 137, 'Align', 0, 2),
(521, 137, 'Alert', 0, 3),
(522, 137, 'Act', 0, 4),
(523, 138, 'Unit Tests', 0, 0),
(524, 138, 'Component Tests (Modul vagy komponens teszt)', 0, 1),
(525, 138, 'Functional Tests (UI / GUI teszt, átvételi teszt)', 0, 2),
(526, 138, 'API Tests (Rendszerteszt)', 1, 3),
(527, 138, 'Integration Test (Integrációs teszt)', 0, 4),
(528, 139, 'Igen, lehetséges, bármelyik Git felhasználóval.', 1, 0),
(529, 139, 'Nem lehetséges', 0, 1),
(530, 139, 'Igen, de csak olvasásra', 0, 2),
(531, 139, 'Igen, lehetséges, de csak munkahelyen belül', 0, 3),
(532, 140, 'HTTP kérésekkel kommunikál.', 1, 0),
(533, 140, 'application/json adatformátumot használ.', 1, 1),
(534, 140, 'FTP kérésekkel kommunikál.', 0, 2),
(535, 140, 'text/css adatformátumot használ.', 0, 3),
(541, 141, 'A GitHub repository-ban csak azt látjuk, hogy milyen változtatások voltak, azt nem láthatjuk, hogy ki töltötte fel a változtatást.', 0, 0),
(542, 141, 'Be lehet úgy állítani a GitHub repository-t, hogy bárki tudja olvasni a tartalmat regisztráció nélkül is.', 1, 1),
(543, 141, 'A GitHub felhasználói fiókon csak egy repository hozható létre, ha többet szeretnénk, akkor új fiókot kell regisztrálni.', 0, 2),
(544, 141, 'Van olyan fejlesztői környezet, amely támogatja a GitHub repository-val szinkronizálást.', 1, 3),
(545, 141, 'A repository-t mindenképpen a helyi gépen kell először létrehozni és csak utána lehet a távolin létrehozni.', 0, 4),
(546, 142, 'Csak akkor fog látszódni, ha manuálisan töltjük fel a változást a GitHub repository weboldalán.', 0, 0),
(547, 142, 'Ismét ki kell adni a git clone utasítást.', 0, 1),
(548, 142, 'Később meg fog jelenni, de várni kell ehhez néhány órát.', 0, 2),
(549, 142, 'A távoli repository-ban csak akkor lesz érvényes a változtatás, ha a „git push” utasítást kiadjuk.', 1, 3),
(550, 144, '10', 0, 0),
(551, 144, '1,2,5,10', 1, 1),
(552, 144, '1,2,10', 0, 2),
(553, 144, '1,2,5', 0, 3),
(554, 145, 'Kizárólag számok tárolhatók benne, más típusú adatok nem.', 0, 0),
(555, 145, 'Nemcsak üres tömböt lehet deklarálni, a deklarációnál megadhatók a tömb elemeinek kezdőértékei.', 1, 1),
(556, 145, 'A tömb elemeinek értékét nem lehet módosítani.', 0, 2),
(557, 145, 'Az elemekre kerek zárójel () segítségével tudunk hivatkozni.', 0, 3),
(558, 145, 'A hagyományos tömbtől eltérően itt az elemek száma változhat futási időben.', 1, 4),
(559, 146, 'n //This is the max currency', 0, 0),
(560, 146, 'maxCurrency', 1, 1),
(561, 146, '!maxCurrency!', 0, 2),
(562, 146, 'maximálisValuta', 0, 3),
(563, 147, 'A metódus paraméterébe csak a User objektum példányát adjuk át.', 1, 0),
(564, 147, 'A metódus paraméterébe nem adunk át semmit, hanem globális változót használunk.', 0, 1),
(565, 147, 'A metódus paraméterébe mind a 10 adatot átadjuk egyesével és a teljes objektumot is.', 0, 2),
(566, 147, 'A metódus paraméterébe mind a 10 adatot átadjuk egyesével.', 0, 3),
(567, 148, 'A hivatkozásnál elegendő a href után a keresendő szöveget beírni.', 0, 0),
(568, 148, 'Nem megoldható, mert hivatkozással csak külső oldalra lehet ugrani.', 0, 1),
(569, 148, 'Ahova szeretnénk ugrani, ott azonosítót (id) állítunk be, és a hivatkozásnál #azonosító segítségével ugrunk oda.', 1, 2),
(570, 148, 'Ahova szeretnénk ugrani, ott osztályt (class) állítunk be és # segítségével ugrunk oda.', 0, 3),
(571, 149, 'Semmiképpen nem lehetséges átírni.', 0, 0),
(572, 149, 'Az alkalmazás fejlesztését nem feltétlenül szükséges az elejétől kezdeni, de ki kell egészíteni a kódot iOS támogatással.', 1, 1),
(573, 149, 'Minden esetben futtatható az Android-ra írt alkalmazás iOS-en is.', 0, 2),
(574, 150, 'redundancia / normalizálás', 1, 0),
(575, 150, 'kulcs / indexelés', 0, 1),
(576, 150, 'reláció / szűrés', 0, 2),
(577, 150, 'integritás / optimalizálás', 0, 3),
(578, 151, 'Előfordulhat, hogy az API kérések számát korlátozza a rendszer.', 1, 0),
(579, 151, 'Minden esetben lekérhetők az adatok külön lépések nélkül.', 0, 1),
(580, 151, 'Az API kérést csak szerver oldalon lehet megoldani.', 0, 2),
(581, 151, 'Az API kéréshez minden esetben szükséges API kulcs.', 0, 3),
(582, 151, 'Az adatok legtöbb esetben lekérhetők, de akadályozhatja a CORS beállítás vagy az API kulcs hiánya.', 1, 4),
(583, 152, 'protected', 0, 0),
(584, 152, 'include', 0, 1),
(585, 152, 'static', 0, 2),
(586, 152, 'public', 1, 3),
(587, 153, 'Fizikai tesztelés', 0, 0),
(588, 153, 'Fekete dobozos tesztelés', 0, 1),
(589, 153, 'Funkcionális tesztelés', 0, 2),
(590, 153, 'Fehér dobozos tesztelés', 1, 3),
(591, 155, 'Asztali alkalmazás fejlesztésére szolgáló környezet.', 0, 0),
(592, 155, 'Leíró nyelv.', 0, 1),
(593, 155, 'A segítségével a weblapot olyan felhasználók is tudják szerkeszteni, akiknek nincs webfejlesztési és programozási tapasztalata.', 1, 2),
(594, 155, 'Szülői felügyelet alkalmazása.', 0, 3),
(595, 156, 'DELETE nev FROM Jatekosok WHERE nev=\"Minta József\";', 0, 0),
(596, 156, 'REMOVE FROM Jatekosok WHERE nev=\"Minta József\";', 0, 1),
(597, 156, 'DELETE FROM Jatekosok WHERE nev=\"Minta József\";', 1, 2),
(598, 156, 'DELETE Jatekosok WHERE nev=\"Minta József\";', 0, 3),
(599, 157, 'deklaráció / metódus', 0, 0),
(600, 157, 'öröklődés / interfész', 0, 1),
(601, 157, 'inicializálás / destruktor', 0, 2),
(602, 157, 'példányosítás / konstruktor', 1, 3),
(603, 158, 'A végpont mindig a teljes adatbázist adja vissza.', 0, 0),
(604, 158, 'A végpontot paraméterezve írja meg.', 1, 1),
(605, 158, 'Minden kereséshez külön API végpontot kell írni.', 0, 2),
(606, 158, 'Email-ben küldi vissza a JSON adatot.', 0, 3),
(607, 159, 'Minden esetben kötelező SQL utasításokat futtatni.', 0, 0),
(608, 159, 'Az ORM segítségével az adatbázist objektumokra képezi le a rendszer.', 1, 1),
(609, 159, 'Az adatbázis tárolása a Frontend feladata.', 0, 2),
(610, 159, 'Nincs adatbázis, csak txt állományok vannak.', 0, 3),
(611, 37, 'Erőforrások felszabadítása', 0, 0),
(612, 37, 'Tesztelés, optimalizálás', 0, 1),
(613, 37, 'Üzemeltetés, karbantartás', 1, 2),
(614, 37, 'Ellenőrzés', 0, 3);

-- --------------------------------------------------------

--
-- Tábla szerkezet ehhez a táblához `exam_sessions`
--

CREATE TABLE `exam_sessions` (
  `id` varchar(36) NOT NULL,
  `started_at` timestamp NOT NULL DEFAULT current_timestamp(),
  `finished_at` timestamp NULL DEFAULT NULL,
  `time_expired` tinyint(1) DEFAULT 0,
  `score` int(11) DEFAULT 0,
  `max_score` int(11) DEFAULT 20,
  `percentage` decimal(5,2) DEFAULT 0.00,
  `passed` tinyint(1) DEFAULT 0
) ENGINE=InnoDB DEFAULT CHARSET=utf8mb4 COLLATE=utf8mb4_unicode_ci;

--
-- A tábla adatainak kiíratása `exam_sessions`
--

INSERT INTO `exam_sessions` (`id`, `started_at`, `finished_at`, `time_expired`, `score`, `max_score`, `percentage`, `passed`) VALUES
('01297f18-dc86-4bd1-9219-86d6e2ca0fc3', '2026-05-19 16:29:45', '2026-05-19 16:29:58', 0, 2, 20, 10.00, 0),
('02d1241b-d1fb-4a73-9f62-c2ae84820274', '2026-05-19 17:26:09', '2026-05-19 17:26:31', 0, 2, 20, 10.00, 0),
('06cf5472-5b4b-468a-8b02-b508e5ca9e3d', '2026-05-19 14:52:55', '2026-05-19 14:53:49', 0, 0, 20, 0.00, 0),
('0c2af8e9-ed39-486e-bc65-d06c6bb02d5e', '2026-05-19 17:56:10', '2026-05-19 17:56:26', 0, 0, 20, 0.00, 0),
('13067488-d1cc-44b7-bb8f-5d0f45a662de', '2026-05-19 17:47:11', '2026-05-19 17:47:14', 0, 0, 20, 0.00, 0),
('1497f809-7dd8-457a-9aa8-ffaa299736b4', '2026-05-19 17:13:05', '2026-05-19 17:13:34', 0, 1, 20, 5.00, 0),
('1b7c89a7-5939-45c6-8cf3-407e3402a0b4', '2026-05-19 16:24:31', '2026-05-19 16:24:48', 0, 0, 20, 0.00, 0),
('20780d7f-f197-4935-82cc-88b3af7288ef', '2026-05-19 14:34:22', '2026-05-19 14:34:35', 0, 0, 20, 0.00, 0),
('29635126-35b6-42eb-86d2-b3852421d429', '2026-05-19 14:54:20', '2026-05-19 15:03:01', 0, 1, 20, 5.00, 0),
('2a0dd5cc-4bf6-4acc-ab18-645b1c372a29', '2026-05-19 17:58:00', NULL, 0, 0, 20, 0.00, 0),
('2c4330e6-cfcf-4927-81ea-e01993885b7a', '2026-05-19 17:56:43', NULL, 0, 0, 20, 0.00, 0),
('2fb08e4c-4193-4aba-9ad9-a4f8cbc4819f', '2026-05-19 16:50:13', '2026-05-19 16:50:39', 0, 0, 20, 0.00, 0),
('39a3a7ef-a0ff-448e-80f2-635ca531a362', '2026-05-19 17:51:25', '2026-05-19 17:51:41', 0, 0, 20, 0.00, 0),
('3fb8f24c-9fc1-4b17-a9b9-6476439324bf', '2026-05-19 17:16:47', NULL, 0, 0, 20, 0.00, 0),
('44006a55-da22-4030-bed8-27781aefa96a', '2026-05-19 17:49:13', NULL, 0, 0, 20, 0.00, 0),
('48aee063-ecaa-4aa0-9344-bc1a0074b54a', '2026-05-19 17:17:03', '2026-05-19 17:17:44', 0, 0, 20, 0.00, 0),
('4aa1d167-8b6c-4993-a40f-572b92eb97c1', '2026-05-19 15:39:45', NULL, 0, 0, 20, 0.00, 0),
('4e01502c-dda7-44fb-992c-739a972e5f0f', '2026-05-19 17:51:08', NULL, 0, 0, 20, 0.00, 0),
('617c8d67-f7a3-4947-8f46-a12510af9b70', '2026-05-19 15:48:41', NULL, 0, 0, 20, 0.00, 0),
('66909d5f-e273-444d-a790-cfc0a3b3ee6a', '2026-05-19 17:58:52', NULL, 0, 0, 20, 0.00, 0),
('66c42068-91c6-4d7a-b1f1-4904ad34e92b', '2026-05-19 17:47:07', NULL, 0, 0, 20, 0.00, 0),
('68c45fe5-f14d-45ef-b5ef-6235b5f697fa', '2026-05-19 17:19:39', '2026-05-19 17:19:58', 0, 3, 20, 15.00, 0),
('6adb0da6-afc2-4b15-89c1-f01130fdef1b', '2026-05-19 17:56:56', '2026-05-19 17:57:12', 0, 1, 20, 5.00, 0),
('6c3ad08a-972a-483b-ab5f-16984bfb36ba', '2026-05-19 16:58:15', '2026-05-19 16:58:31', 0, 1, 20, 5.00, 0),
('6e1da613-e407-4121-a3ba-2545ef9770f6', '2026-05-19 17:25:50', NULL, 0, 0, 20, 0.00, 0),
('72c3ad13-c4ea-4fb6-aa43-8411fb800405', '2026-05-19 17:59:14', NULL, 0, 0, 20, 0.00, 0),
('823c1d8a-5672-4198-9545-b3d91241aed4', '2026-05-19 17:50:54', NULL, 0, 0, 20, 0.00, 0),
('8344203f-8eaf-4a0c-af23-02798e24bf5c', '2026-05-19 17:16:11', NULL, 0, 0, 20, 0.00, 0),
('85eeab4f-c128-4645-a037-6b8bd8c7ffaa', '2026-05-19 17:56:28', NULL, 0, 0, 20, 0.00, 0),
('889dea39-6d84-40de-8a4d-b5b65508d954', '2026-05-19 16:10:08', '2026-05-19 16:10:14', 0, 1, 20, 5.00, 0),
('8dc64c56-c5bf-4651-8b01-fecb82e367c7', '2026-05-19 17:55:55', '2026-05-19 17:56:07', 0, 0, 20, 0.00, 0),
('91da756a-af0c-4048-9e19-8f757c3a9c19', '2026-05-19 16:18:16', NULL, 0, 0, 20, 0.00, 0),
('94da13eb-6ea9-4cea-8e1f-7899ffe9721d', '2026-05-19 17:50:33', '2026-05-19 17:50:49', 0, 0, 20, 0.00, 0),
('95af9a30-9891-4b90-98ac-69040f5646c5', '2026-05-19 16:32:04', '2026-05-19 16:32:45', 0, 1, 20, 5.00, 0),
('95b53562-4f4e-487c-bc24-626707de18a0', '2026-05-19 15:26:28', '2026-05-19 15:26:35', 0, 0, 20, 0.00, 0),
('97b37a09-6e9f-47d0-8a75-31847dc5c399', '2026-05-19 15:13:12', '2026-05-19 15:13:29', 0, 0, 20, 0.00, 0),
('9cabdeb8-98b0-46ed-8fa7-e870813e688a', '2026-05-19 11:12:57', '2026-05-19 11:13:21', 0, 0, 18, 0.00, 0),
('a6e04201-0909-4cbc-ba4f-b73107ffbf80', '2026-05-19 17:55:15', NULL, 0, 0, 20, 0.00, 0),
('b06ca685-ae2d-4938-bccb-360c56195326', '2026-05-19 17:54:42', NULL, 0, 0, 20, 0.00, 0),
('b0ace8c3-8612-47ca-b320-380bf2aaccd8', '2026-05-19 14:11:25', '2026-05-19 14:14:47', 0, 8, 20, 40.00, 1),
('b38d4cde-d2a9-43e7-bfe8-47408781dc92', '2026-05-19 16:55:20', '2026-05-19 16:55:27', 0, 2, 20, 10.00, 0),
('c0be75ab-f32d-4eb5-8c5c-9e5c25a9c55b', '2026-05-19 17:50:09', NULL, 0, 0, 20, 0.00, 0),
('c28ac0f0-6722-4240-b89d-7860a80ab4f5', '2026-05-19 15:49:45', NULL, 0, 0, 20, 0.00, 0),
('d0aaef4f-5290-4211-9181-3913608f4895', '2026-05-19 17:55:36', '2026-05-19 17:55:51', 0, 0, 20, 0.00, 0),
('d1d258d7-f8a7-4d05-aa3f-4ccefce65f10', '2026-05-19 17:16:31', NULL, 0, 0, 20, 0.00, 0),
('daa691c4-1f7f-4fc4-b56a-fb1a9f3fa094', '2026-05-19 17:25:32', NULL, 0, 0, 20, 0.00, 0),
('e4fb1b43-10de-4743-ab55-fde725090469', '2026-05-19 17:58:32', NULL, 0, 0, 20, 0.00, 0),
('ea100e30-b6ab-4240-92ce-4d97eaed69d3', '2026-05-19 16:31:19', NULL, 0, 0, 20, 0.00, 0),
('ecd9df0d-8663-4f02-bf0a-146279a53cec', '2026-05-19 17:55:00', NULL, 0, 0, 20, 0.00, 0),
('ee6ed9f3-67dd-4837-b170-7bf5ee25a8b0', '2026-05-19 15:19:50', '2026-05-19 15:20:04', 0, 0, 20, 0.00, 0),
('f105c465-dcaf-4caf-9a06-c4a2e922532c', '2026-05-19 16:26:28', '2026-05-19 16:26:50', 0, 2, 20, 10.00, 0);

-- --------------------------------------------------------

--
-- Tábla szerkezet ehhez a táblához `match_pairs`
--

CREATE TABLE `match_pairs` (
  `id` int(11) NOT NULL,
  `question_id` int(11) NOT NULL,
  `left_item` text NOT NULL,
  `right_item` text NOT NULL,
  `pair_order` int(11) DEFAULT 0
) ENGINE=InnoDB DEFAULT CHARSET=utf8mb4 COLLATE=utf8mb4_unicode_ci;

--
-- A tábla adatainak kiíratása `match_pairs`
--

INSERT INTO `match_pairs` (`id`, `question_id`, `left_item`, `right_item`, `pair_order`) VALUES
(1, 4, 'félkövér betű', 'font-weight', 1),
(2, 4, 'dőlt betű', 'font-style', 2),
(3, 4, 'betűtípus', 'font-family', 3),
(4, 4, 'kiskapitális betű', 'font-variant', 4),
(5, 32, 'Create', 'POST', 0),
(6, 32, 'Read', 'GET', 1),
(7, 32, 'Update', 'PUT, PATCH', 2),
(8, 32, 'Delete', 'DELETE', 3),
(9, 71, 'Trello', 'projektmenedzsment', 0),
(10, 71, 'Slack', ' azonnali üzenetküldő rendszer', 1),
(11, 71, 'Google Drive', 'felhőtárhely', 2),
(12, 71, 'Git', 'verziókezelés', 3),
(13, 121, 'elem kijelölő', 'td', 0),
(14, 121, 'csoportos kijelölő', 'th, img, span', 1),
(15, 121, 'azonosító kijelölő', '#fejlec', 2),
(16, 121, 'osztály kijelölő', '.red-button', 3),
(17, 123, 'Math.sqrt', 'Egy szám négyzetgyökét adja vissza.', 0),
(18, 123, 'Math.pow', 'Hatványértéket ad vissza.', 1),
(19, 123, 'Math.round', 'A legközelebbi egészre kerekít.', 2),
(20, 123, 'Math.floor', 'Lefelé kerekít a legközelebbi egészre.', 3),
(21, 131, 'Eredetileg a Facebook fejlesztette ki, jelenleg nyílt forráskódú projekt.', 'React', 0),
(22, 131, 'Egyirányú adatfolyamot alkalmaz, de az eseménykezelés kétirányú is lehet, a kétirányú adatkötések segítségével.', 'Angular', 1),
(23, 131, 'Virtuális DOM-ot használ', 'React', 2),
(24, 131, 'Google fejlesztette ki. A mai napig támogatja és fejleszti.', 'Angular', 3),
(25, 131, 'TypeScript nyelvet használ, ami a JavaScript szigorúan típusos verziója.', 'Angular', 4),
(26, 135, 'private', 'csak az osztályon belül érhető el. Más osztályok vagy objektumok nem férhetnek hozzá közvetlenül', 0),
(27, 135, 'public', 'nyilvánosan elérhető mindenki számára, aki hozzáfér az osztályhoz', 1),
(28, 135, 'protected', 'elérhető az osztályon belül és a közvetlen leszármazottak számára is', 2),
(29, 143, 'félkövér betű', 'font-weight', 0),
(30, 143, 'dőlt betű', 'font-style', 1),
(31, 143, 'betűtípus', 'font-family', 2),
(32, 143, 'kiskapitális betű', 'font-variant', 3),
(33, 160, 'A Frontend fejlesztő anélkül is tud dolgozni a weboldalon, hogy a Backend kódját ismerné.', 'IGAZ', 0),
(34, 160, 'A JavaScriptnek létezik Frontend készítésére szolgáló keretrendszere.', 'IGAZ', 1),
(35, 160, 'Ameddig a Backend rész fejlesztése nincs kész, a Frontend rész nem kezdhető el.', 'HAMIS', 2),
(36, 160, 'A weblap Frontend és Backend része minden esetben teljesen szétválik.', 'HAMIS', 3);

-- --------------------------------------------------------

--
-- Tábla szerkezet ehhez a táblához `questions`
--

CREATE TABLE `questions` (
  `id` int(11) NOT NULL,
  `type` enum('single','multiple','sort','match','text') NOT NULL,
  `question_text` text NOT NULL,
  `image_path` varchar(500) DEFAULT NULL,
  `code_snippet` text DEFAULT NULL,
  `points` int(11) DEFAULT 1,
  `created_at` timestamp NOT NULL DEFAULT current_timestamp(),
  `updated_at` timestamp NOT NULL DEFAULT current_timestamp() ON UPDATE current_timestamp()
) ENGINE=InnoDB DEFAULT CHARSET=utf8mb4 COLLATE=utf8mb4_unicode_ci;

--
-- A tábla adatainak kiíratása `questions`
--

INSERT INTO `questions` (`id`, `type`, `question_text`, `image_path`, `code_snippet`, `points`, `created_at`, `updated_at`) VALUES
(1, 'single', 'A távoli GitHub repository klónozva lett a helyi gépre (git clone segítségével). A helyi repository-ban az egyik állományon változtatást végzett, majd kiadta a „git commit\" utasítást a megfelelő paraméterekkel, de azt tapasztalja, hogy a távoli GitHub repository-ban nem látszódik a változás. Mi az oka?', NULL, NULL, 1, '2026-05-19 11:00:55', '2026-05-19 11:00:55'),
(2, 'multiple', 'Melyek az igaz állítások a Git és Github használatára vonatkozóan?', NULL, NULL, 1, '2026-05-19 11:00:55', '2026-05-19 11:00:55'),
(3, 'single', 'A weboldal felső menüjében szeretnénk olyan menüpontokat létrehozni, amelyekre kattintva az adott weblapon belüli részekre lehet ugrani. Mivel oldható ez meg?', NULL, NULL, 1, '2026-05-19 11:00:55', '2026-05-19 11:00:55'),
(4, 'match', 'Párosítsa a betűformázásokat ahhoz a CSS formázáshoz, amellyel meg lehet azt oldani!', NULL, NULL, 1, '2026-05-19 11:00:55', '2026-05-19 11:00:55'),
(5, 'single', 'Adott a „result\" azonosítóval ellátott DIV elem. Az ábrán szereplő JS kód mit fog kiírni ennek a DIV elemnek a belsejében?', NULL, 'const n=10;\ndocument.getElementById(\"result\").innerHTML=\"\";\nfor(let i=1;i<=n/2;i++) {\n    if(n%i==0)\n        document.getElementById(\"result\").innerHTML+=i+\",\";\n}\ndocument.getElementById(\"result\").innerHTML+=n;', 1, '2026-05-19 11:00:55', '2026-05-19 11:00:55'),
(6, 'multiple', 'Melyek az igaz állítások a JavaScript Array (tömb) megvalósítására vonatkozóan?', NULL, NULL, 1, '2026-05-19 11:00:55', '2026-05-19 11:00:55'),
(7, 'single', 'Online játékot fejleszt nemzetközi piacra. A játékbeli valuta felső határát szeretné konstans értékként eltárolni. Melyik azonosító felel meg leginkább a tiszta kód elvárásainak?', NULL, NULL, 1, '2026-05-19 11:00:55', '2026-05-19 11:00:55'),
(8, 'single', 'Adott a User osztály, amelyet felhasználók 10 adatának tárolására használ. A metódus paraméterébe hogyan érdemes átadni a User adatait (tiszta kód elveit figyelembe véve)?', NULL, NULL, 1, '2026-05-19 11:00:55', '2026-05-19 11:00:55'),
(9, 'single', 'Adott a Jatekosok nevű tábla, amelyben az egyik mező a „nev\". Hogyan lehet „Minta József\" játékos adatait törölni a táblából?', NULL, NULL, 1, '2026-05-19 11:00:55', '2026-05-19 11:00:55'),
(10, 'single', 'Milyen módosítót kell írni C# vagy Java nyelvben egy metódus elé, ha szeretnénk, hogy bárhol elérhető legyen, akár az osztályon kívül is?', NULL, NULL, 1, '2026-05-19 11:00:55', '2026-05-19 11:00:55'),
(11, 'single', 'Mi a CMS (tartalomkezelő) rendszer lényege?', NULL, NULL, 1, '2026-05-19 11:00:55', '2026-05-19 11:00:55'),
(12, 'sort', 'Állítsa sorrendbe a felsorolt 4 tesztelési technikát a V-modell alapján! (alulról felfelé haladva a V-modell második szárán)', NULL, NULL, 1, '2026-05-19 11:00:55', '2026-05-19 11:00:55'),
(13, 'single', 'Hogyan nevezzük azt a tesztelési módszert, amikor ismerjük a forráskódot is?', NULL, NULL, 1, '2026-05-19 11:00:55', '2026-05-19 11:00:55'),
(14, 'multiple', 'Melyek az igaz állítások az API fetch kérésekkel kapcsolatban?', NULL, NULL, 1, '2026-05-19 11:00:55', '2026-05-19 11:00:55'),
(15, 'multiple', 'Döntse el, hogy az alábbi mondatok igaz állítást tartalmaznak-e a Frontend webfejlesztéssel kapcsolatban!', NULL, NULL, 1, '2026-05-19 11:00:55', '2026-05-19 11:00:55'),
(16, 'single', 'Mi a megszokott módszer adatbázisok kezelésére a modern Backend fejlesztői környezeteknél?', NULL, NULL, 1, '2026-05-19 11:00:55', '2026-05-19 11:00:55'),
(17, 'single', 'Készített Android-ra alkalmazást, de kiderült, hogy igény van rá iOS-en is. Melyik az igaz állítás?', NULL, NULL, 1, '2026-05-19 11:00:55', '2026-05-19 11:00:55'),
(18, 'single', 'Hogyan lehetne a legcélszerűbben megoldani egy Backend API végpontot, amellyel adott évek között lehet játékokat keresni?', NULL, NULL, 1, '2026-05-19 11:00:55', '2026-05-19 11:00:55'),
(19, 'single', 'A git parancs melyik paramétere hiányzik a kérdőjelek (????) helyéről, ha a fejlesztés során egy ágat (branchet) szeretnénk összehasonlítani egy másikkal?', NULL, 'git ???? [ág_neve1]..[ág_neve2]', 1, '2026-05-19 11:41:26', '2026-05-19 11:41:26'),
(20, 'single', 'Ön azt a feladatot kapta, hogy keressen egy olyan szoftver, melynek segítségével egy fejlesztői csapat a világ távoli pontján élő tagjai képesek legyenek egymással fájlokat megosztani. Melyik szoftvert tartja a legmegfelelőbb választásnak erre a feladatra a felsoroltak közül?', NULL, NULL, 1, '2026-05-19 11:42:41', '2026-05-19 11:42:41'),
(21, 'single', 'Melyik állítás igaz a mellékelt kódrészletre?', NULL, '<!DOCTYPE html>\r\n<html>\r\n<body>\r\n\r\n<a href=https://google.com>Keresstünk</a>\r\n\r\n</body>\r\n</html>', 1, '2026-05-19 11:44:15', '2026-05-19 11:44:15'),
(22, 'single', 'A CSS kódrészlet alapján hány képpont lesz a doboz modellben a kérdőjellel (?) jelölt méret?', '/uploads/1779191190328-596368260.png', '* {\r\n    margin        : 10px 6px 4px 10px;\r\n    border        : 10px solid black;\r\n    border-bottom : 15px;\r\n    width         : 150px;\r\n    padding       : 10px;\r\n}', 1, '2026-05-19 11:46:30', '2026-05-19 11:46:30'),
(23, 'single', 'Mit ír ki a böngészőablakba a mellékelt JavaScript kódrészlet?', NULL, '<!DOCTYPE html>\r\n<html>\r\n<head>\r\n    <title>Document</title>\r\n</head>\r\n<body>\r\n\r\n    <script>\r\n        function Vel(min, max) {\r\n            return Math.floor(Math.random() * (max - min + 1)) + min;\r\n        }\r\n\r\n        document.getElementsByTagName(\"body\")[0].innerHTML = Vel(100, 500);\r\n    </script>\r\n\r\n</body>\r\n</html>', 1, '2026-05-19 11:47:34', '2026-05-19 11:47:34'),
(24, 'single', 'Döntse el a számmal jelölt mondatrészekről, hogy igaz vagy hamis állítást tartalmaznak!\r\n\r\nA JavaScriptben a kódot elhelyezhetjük:\r\n1. a HTML dokumentum head részében,\r\n2. külső állományba', NULL, NULL, 1, '2026-05-19 11:48:51', '2026-05-19 11:48:51'),
(25, 'single', '„??? is simple and direct. ??? reads like well-written prose. ??? never obscures the designer’s intent but rather is full of crisp abstractions and straightforward lines of control.” \r\n\r\nMelyik angol nyelvű kifejezés hiányzik az idézetől?', NULL, NULL, 1, '2026-05-19 11:50:19', '2026-05-19 11:50:19'),
(26, 'single', 'Milyen ajánlást ad a tisztakód elve a függvények méretére vonatkozóan?', NULL, NULL, 1, '2026-05-19 11:51:18', '2026-05-19 11:51:18'),
(27, 'single', 'Melyik lekérdezéssel kapjuk meg az 1-es azonosítójú vizsga átlagpontszámát?', NULL, NULL, 1, '2026-05-19 11:51:49', '2026-05-19 11:51:49'),
(28, 'single', 'Melyik kulcsszóval lehet a lekérdezések eredményéből eltávolítani az ismétlődő sorokat?', NULL, NULL, 1, '2026-05-19 11:52:16', '2026-05-19 11:52:16'),
(29, 'single', 'Igaz-e a következő állítás?\r\n\r\n„Az emulátorok csak korlátozottan használhatóak mobilfejlesztés közben, mert nincs támogatás a különböző szenzorokra (giroszkóp, gyorsulásmérő, iránytű, stb.).”ező állítás?', NULL, NULL, 1, '2026-05-19 11:52:45', '2026-05-19 11:52:45'),
(30, 'single', 'Melyik JavaSrciptes keretrendszer segítségével valósítható meg kétirányíú adatközés (two way binding)?', NULL, NULL, 1, '2026-05-19 11:53:19', '2026-05-19 11:53:19'),
(31, 'single', 'Milyen technológia szerepel a kódrészletekben?', NULL, 'Angular: <h1 class=\"színes\">{{WeblapomCime}}</h1>\r\n\r\nReact:   <h1 class=\"színes\">{WeblapomCime}</h1>\r\n\r\nVuejs:   <h1 class=\"színes\">{{WeblapomCime}}</h1>', 1, '2026-05-19 11:54:18', '2026-05-19 11:54:18'),
(32, 'match', 'Rendelje hozzá az egyes CRUD műveletekhez a megfelelő http metódust!', NULL, NULL, 1, '2026-05-19 11:55:35', '2026-05-19 11:55:35'),
(33, 'single', 'Milyen technológia szerepel a mellékelt kódrészletekben?', NULL, 'Laravel:\r\n\r\nRoute::get(\'/user/{id}\', function ($id) {\r\n    return \'User \'.$id;\r\n});\r\n\r\n\r\nNode.js:\r\n\r\napp.get(\'/user/:id\', (req, res) => {\r\n    res.send(\'User \'+req.params.id)\r\n})\r\n\r\n\r\n.NET Core:\r\n\r\n[ApiController]\r\n[Route(\"user\")]\r\npublic class MyController: Controller\r\n{\r\n    [HttpGet(\"{id}\")]\r\n    public ActionResult GetRecordById(int id)\r\n    {\r\n        return Ok(string.Format(\"User {0}\", id));\r\n    }\r\n}\r\n\r\n\r\nSpring:\r\n\r\n@Controller\r\npublic class MyController {\r\n    @RequestMapping(\"/user/{id}\", method = GET)\r\n    public void GetRecordById(@PathVariable(\"id\") long id) {\r\n        return \"User \" + id;\r\n    }\r\n}', 1, '2026-05-19 11:56:52', '2026-05-19 11:56:52'),
(34, 'single', 'A mellékelt ábrán lévő művelet milyen eredménnyel zárul?', NULL, 'class MyClass {\r\n    double myVariable;\r\n\r\n    MyClass() {\r\n        this.myVariable = -1;\r\n    }\r\n\r\n    MyClass(double myVariable) {\r\n        this.myVariable = myVariable;\r\n    }\r\n\r\n    MyClass(MyClass temp) {\r\n        this.myVariable = temp.myVariable;\r\n    }\r\n}\r\n\r\n\r\nclass Program {\r\n    public static void main() {\r\n        MyClass A = new MyClass();\r\n        MyClass B = new MyClass(3.14);\r\n        MyClass C = new MyClass(B);\r\n    }\r\n}', 1, '2026-05-19 11:57:58', '2026-05-19 11:57:58'),
(35, 'single', 'Milyen szó illik a kérdőjelek (????) helyére, hogy a kódrészlet az alábbi definíciónak megfeleljen?\r\n\r\n„A lenti kódrészlet egy protokollt valósít meg, azaz leírja, hogy milyen módon lehet megszólítani azokat az osztályokat, akik a fenti kódot meg fogják valósítani, és akik majd a konkrét működését meghatározzák az animalSound és a run metódusoknak.”', NULL, '???? Animal \r\n{ \r\n    void animalSound();\r\n    void run();\r\n}', 1, '2026-05-19 11:59:42', '2026-05-19 11:59:42'),
(36, 'single', 'A felsoroltak közül melyik állítás igaz a tartalomkezelő rendszerekre?', NULL, NULL, 1, '2026-05-19 12:00:11', '2026-05-19 12:00:11'),
(37, 'single', 'A szoftverfejlesztés életciklusa ábra alapján melyik fázis illik a kérdőjelek (????) helyére?', '/uploads/1779192118016-128862101.png', NULL, 1, '2026-05-19 12:01:58', '2026-05-19 16:31:50'),
(38, 'single', 'Milyen tesztelést valósít meg a Selenium?', NULL, NULL, 1, '2026-05-19 12:02:34', '2026-05-19 12:02:34'),
(39, 'single', 'A következő git parancsban melyik paraméter hiányozhat a kérdőjelek helyén?\r\nJelölje be a helyes választ!', NULL, 'git ??? add origin https://github.com/user123/ForcedRepo.git', 1, '2026-05-19 12:07:59', '2026-05-19 12:09:26'),
(40, 'single', 'Melyik nem verziókezelő rendszer a felsoroltak közül?\r\nJelölje be a helyes választ!', NULL, NULL, 1, '2026-05-19 12:09:10', '2026-05-19 12:09:10'),
(41, 'single', 'Melyik HTML elemmel tudunk vízszintes vonalat készíteni a weboldalon?', NULL, NULL, 1, '2026-05-19 12:10:56', '2026-05-19 12:10:56'),
(42, 'single', 'Melyik CSS tulajdonság úgynevezett „shorthand property” a felsoroltak közül?', NULL, NULL, 1, '2026-05-19 12:11:22', '2026-05-19 12:11:22'),
(43, 'single', 'Mit ír ki a konzolablakba a következő JavaScript kód a futtatása után?', NULL, 'function foo() {\r\n    const length = 4;\r\n    const numbers = [];\r\n\r\n    for (var i = 0; i < length; i++) {\r\n        numbers.push(i + 1);\r\n    }\r\n\r\n    return numbers;\r\n}\r\n\r\nconsole.log(foo()[4]);', 1, '2026-05-19 12:12:06', '2026-05-19 12:12:06'),
(44, 'single', 'A következő JavaScript kód futtatása után milyen értékek lesznek a fib vektorban?', NULL, 'var fib = [];\r\n\r\nfib[0] = 0;\r\nfib[1] = 1;\r\n\r\nfor (var i = 2; i <= 6; i++) {\r\n    fib[i] = fib[i - 2] + fib[i - 1];\r\n}', 1, '2026-05-19 12:12:58', '2026-05-19 12:12:58'),
(45, 'single', 'Melyik nem megfelelő metódusnév (azonosító) a tisztakód alapelvei szerint?', NULL, NULL, 1, '2026-05-19 12:13:33', '2026-05-19 12:13:33'),
(46, 'single', 'A tisztakód hány soros függvénytörzseket javasol?', NULL, NULL, 1, '2026-05-19 12:13:57', '2026-05-19 12:13:57'),
(47, 'single', 'Melyik SQL kulcsszó hiányzik a kérdőjelek helyén?', NULL, 'UPDATE myTable ??? c=c+1 WHERE a=1;', 1, '2026-05-19 12:14:24', '2026-05-19 12:14:24'),
(48, 'single', 'Melyik SQL kulcsszóval tudjuk az azonos (ismétlődő) eredménysorokat megakadályozni egy lekérdezésben?', NULL, NULL, 1, '2026-05-19 12:14:50', '2026-05-19 12:14:50'),
(49, 'single', 'Mi jellemző a natív mobil alkalmazásfejlesztésre?', NULL, NULL, 1, '2026-05-19 12:15:28', '2026-05-19 12:15:28'),
(50, 'single', 'Melyik JavaScript frontend keretrendszer neve hiányozhat a kérdőjelek helyén?\r\n\r\n„??? is an open-source model–view–viewmodel front end JavaScript framework for building user interfaces and single-page applications. It was created by Evan You, and is maintained by him and the rest of the active core team members.”', NULL, NULL, 1, '2026-05-19 12:16:09', '2026-05-19 12:16:09'),
(51, 'single', 'Melyik JavaScript frontend keretrendszert használja a Facebook?', NULL, NULL, 1, '2026-05-19 12:16:32', '2026-05-19 12:16:32'),
(52, 'single', 'A következő felsorolásban népszerű, a JavaScript backend keretrendszerek által használt adatbázis szerverek neve található.\r\nMelyik nem relációs adatbázis-kezelő rendszer?', NULL, NULL, 1, '2026-05-19 12:17:00', '2026-05-19 12:17:00'),
(53, 'single', 'A következő JavaScript kódban milyen szerepet kap az open() metódus logikai típusú harmadik paramétere?', NULL, 'var xhr = new XMLHttpRequest();\r\n...\r\nxhr.open(\"POST\", \"feldolgoz.php\", true);', 1, '2026-05-19 12:17:34', '2026-05-19 12:17:34'),
(54, 'single', 'Melyik osztálytagtípus definícióját olvashatja?\r\n\r\n„Olyan speciális osztályelem, amely bár kifejezetten és műveletekben mező ill. változó módjára viselkedik, olvasása és írása esetében azonban memóriaterületek közvetlen írása helyett a deklaráláskor meghatározott olvasó (getter) és/vagy író (setter) metódusok kerülnek meghívásra.”', NULL, NULL, 1, '2026-05-19 12:18:11', '2026-05-19 12:18:11'),
(55, 'single', 'A leszármazott osztálynak mi az angol nyelvű szakkifejezése?', NULL, NULL, 1, '2026-05-19 12:18:34', '2026-05-19 12:18:34'),
(56, 'single', 'Melyik nem tartalomkezelő (CMS) rendszer a felsoroltak közül?', NULL, NULL, 1, '2026-05-19 12:18:58', '2026-05-19 12:18:58'),
(57, 'single', 'Melyik nem JavaScript tesztkeretrendszer a felsoroltak közül?', NULL, NULL, 1, '2026-05-19 12:19:21', '2026-05-19 12:19:21'),
(58, 'single', 'Milyen típusú tesztet valósít meg a következő kódrészlet?', NULL, 'it(\"forduloTippje(1-n)\", async () => {\r\n    const tippek: number[] = [2, 2, 3, 4, 5, 2, 3, 1, 1, 2];\r\n\r\n    for (let i = 1; i <= tippek.length; i++) {\r\n        expect(instance.forduloTippje(i)).toBe(tippek[i - 1]);\r\n    }\r\n});\r\n', 1, '2026-05-19 12:20:09', '2026-05-19 12:20:09'),
(59, 'single', 'Melyik kulcsszó hiányzik a kérdőjelek (????) helyén?\r\nA kulcsszó C# és Java nyelven is azonos.', NULL, 'C#\r\nusing System;\r\n\r\n???? IPrint\r\n{\r\n    void print(string data);\r\n}\r\n\r\nclass MyClass : IPrint\r\n{\r\n    public void print(string data)\r\n    {\r\n        Console.WriteLine(\"{0} : {1}\", DateTime.Now.ToLongTimeString(), data);\r\n    }\r\n}\r\n\r\n\r\nJava\r\nimport java.time.LocalTime;\r\n\r\n???? IPrint\r\n{\r\n    public void print(String data);\r\n}\r\n\r\nclass MyClass implements IPrint\r\n{\r\n    public void print(String data)\r\n    {\r\n        System.out.format(\"%tT : %s\", LocalTime.now(), data);\r\n    }\r\n}', 1, '2026-05-19 12:39:23', '2026-05-19 12:39:23'),
(60, 'single', 'Melyik fogalom illik az alábbi definícióba adatbázis-kezelés témakörben?\r\n„A(z) ???? egyedek egy halmazát definiálja, melyek azonos tulajdonságokkal rendelkeznek.”', NULL, NULL, 1, '2026-05-19 12:40:05', '2026-05-19 12:40:05'),
(61, 'single', 'A szoftverfejlesztés életciklusa alapján melyik fázis illik a kérdőjelek (????) helyére?\r\n• Új igény\r\n• Igények, követelmények elemzése\r\n• Rendszerjavaslat kidolgozása\r\n• Specifikáció\r\n• Tervezés\r\n• Implementáció\r\n• ????\r\n• Átadás, bevezetés', NULL, NULL, 1, '2026-05-19 12:41:13', '2026-05-19 12:41:13'),
(62, 'single', 'Az alábbi JavaScript kódrészlet nem felel meg a tiszta kód alapelveinek.\r\nMelyik alternatíva a legjobb választás a kód kijavítására?', NULL, 'const yyyymmdstr = moment().format(\"YYYY/MM/DD\");', 1, '2026-05-19 12:41:50', '2026-05-19 12:41:50'),
(63, 'single', 'Melyik nem HTTP protokoll metódus?', NULL, NULL, 1, '2026-05-19 12:42:11', '2026-05-19 12:42:11'),
(64, 'single', 'Melyik HTML5 elem (tag) segítségével lehet sorszámozott listát létrehozni?', NULL, NULL, 1, '2026-05-19 12:42:38', '2026-05-19 12:42:38'),
(65, 'single', 'Mit ír ki a képernyőre az alábbi Node.js kódrészlet?', NULL, 'const get_students = (obj) =>\r\n{\r\n    if (typeof obj !== \'object\' || obj === null ) {\r\n        return false;\r\n    }\r\n\r\n    return obj.students;\r\n}\r\n\r\nlet obj = new Object();\r\nobj.students = [\'Kalle\', \'Ross\', \'Felipe\'];\r\n\r\nconsole.log(get_students(null));', 1, '2026-05-19 12:43:07', '2026-05-19 12:43:07'),
(66, 'single', 'Az alábbi kódrészlet alapján melyik állítás hamis a Vue.js JavaScriptes könyvtárral kapcsolatban?', NULL, '<div id=\"app\">\r\n    <p>{{ title }}</p>\r\n</div>\r\n\r\n<script>\r\n    var vm = new Vue({\r\n        \"el\": \"#app\",\r\n        \"data\" : {\r\n            \"title\": \"Hello World!\"\r\n        }\r\n    });\r\n</script>', 1, '2026-05-19 12:43:40', '2026-05-19 12:43:40'),
(67, 'single', 'Igaz-e az állítás?\r\n\r\n„A Drupal egy ingyenes, nyílt forráskódú tartalomkezelő rendszer.”', NULL, NULL, 1, '2026-05-19 12:44:11', '2026-05-19 12:44:11'),
(68, 'single', 'Mi a neve az alábbi JavaScript kódrészlet első sorában lévő technikának?', NULL, 'const x = (x, y) => x * y;\r\nconsole.log(x(5,5));', 1, '2026-05-19 12:44:38', '2026-05-19 12:44:38'),
(69, 'single', 'Melyik állítás nem igaz a csoportmunkaszoftverek esetén?', NULL, NULL, 1, '2026-05-19 12:45:04', '2026-05-19 12:45:04'),
(70, 'single', 'Melyik technológia alkalmas natív alkalmazásfejlesztés megvalósítására Android operációs rendszer alatt?', NULL, NULL, 1, '2026-05-19 12:45:45', '2026-05-19 12:45:45'),
(71, 'match', 'Jelölje meg a szoftverfejlesztésnél használt eszközök és az általuk nyújtott legfontosabb szolgáltatások helyes párosítását!', NULL, NULL, 1, '2026-05-19 12:46:59', '2026-05-19 12:46:59'),
(72, 'single', 'Mekkora lesz az alábbi doboz modell alapján az elem szélessége? (Az ábra nem méretarányos.)', '/uploads/1779195127616-546233082.png', NULL, 1, '2026-05-19 12:52:07', '2026-05-19 12:52:07'),
(73, 'single', 'Mi jellemzi az alábbi kódrészletben a dog azonosítójú változót?', NULL, 'public class Dog {\r\n    String name;\r\n    int age;\r\n}\r\n\r\nDog dog = new Dog();', 1, '2026-05-19 12:52:47', '2026-05-19 12:52:47'),
(74, 'single', 'Az alábbi JavaScript kódrészletben mit kell írni a kérdőjelek (????) helyére, hogy az obj objektumra kattintva lefusson a ClickMe függvény?', NULL, 'obj.addEventListener(\'????\', ClickMe, false);', 1, '2026-05-19 12:53:15', '2026-05-19 12:53:15'),
(75, 'single', 'Mit ír ki utolsóként az alábbi JavaScript kódrészlet?', NULL, 'for (i = 10; i < 20; i++) {\r\n    if (i % 2) {\r\n        console.log(i);\r\n    }\r\n}', 1, '2026-05-19 12:53:43', '2026-05-19 12:53:43'),
(76, 'single', 'Melyik forráskód és állítás eredményez tisztább kódot, és miért?', NULL, NULL, 1, '2026-05-19 12:54:54', '2026-05-19 12:54:54'),
(77, 'single', 'Mi lesz a lekérdezés eredménye az alábbi SQL utasítás futtatása után?', '/uploads/1779195344748-748435149.png', 'SELECT gyártó\r\nFROM top11gumis\r\nWHERE ország LIKE \'%ország\'\r\nORDER BY ország DESC\r\nLIMIT 1', 1, '2026-05-19 12:55:44', '2026-05-19 12:55:44'),
(78, 'single', 'A tesztlefedettséget mutató diagram alapján mit lehet elmondani a satírozott területről?', '/uploads/1779195381749-616807301.png', NULL, 1, '2026-05-19 12:56:21', '2026-05-19 12:56:21'),
(79, 'single', 'Melyik JavaScript eseményhez tartozik a következő állítás?\r\n„Az eseménykezelő akkor fut le, amikor a teljes dokumentum letöltődött.”', NULL, NULL, 1, '2026-05-19 13:07:07', '2026-05-19 13:07:07'),
(80, 'single', 'Melyik HTTP fejlécmezőnek adhatók a következő értékek: gzip, deflate?\r\n', NULL, NULL, 1, '2026-05-19 13:07:38', '2026-05-19 13:07:38'),
(81, 'single', 'Igaz-e a következő szoftverfejlesztési irányelv?\r\n„Egy objektumnak más objektumok felépítését vagy tulajdonságait a lehető legnagyobb mértékben ismernie kell.” (Demeter törvénye)\r\n', NULL, NULL, 1, '2026-05-19 13:08:28', '2026-05-19 13:08:28'),
(82, 'single', 'Igaz-e az alábbi állítás?\r\n\r\n„A .NET alapú Android Studio egy mobil játékfejlesztésre kialakított fejlesztőkörnyezet.”', NULL, NULL, 1, '2026-05-19 13:09:00', '2026-05-19 13:09:00'),
(83, 'single', 'Melyik CSS jellemző segítségével lehet lekerekített szegélyt létrehozni?', NULL, NULL, 1, '2026-05-19 13:10:03', '2026-05-19 13:10:03'),
(84, 'single', 'Melyik git paraméter segítségével rögzíthetjük a változásokat a helyi adatbázisban?', NULL, NULL, 1, '2026-05-19 13:10:26', '2026-05-19 13:10:26'),
(85, 'single', 'Melyik JavaScript függvény segítségével lehet a DOM elemei között név tulajdonság alapján elemeket lekérdezni?', NULL, NULL, 1, '2026-05-19 13:10:59', '2026-05-19 13:10:59'),
(86, 'single', 'Melyik népszerű tervezési minta angol (illetve magyar) nyelvű rövidítése illik a kérdőjelek (????) helyére?\r\n\r\n„A(z) ???? a szoftverfejlesztésben használatos programtervezési minta. Elkülöníti az adatok elérését és az üzleti logikát az adatok megjelenítésétől és a felhasználói interakciótól egy közbülső összetevő, a vezérlő bevezetésével.”', NULL, NULL, 1, '2026-05-19 13:11:24', '2026-05-19 13:11:24'),
(87, 'single', 'Melyik angol nyelvű fogalomra illik az alábbi definíció az adatbázis-kezelésben?\r\n\r\n„Olyan mező, amelynek segítségével logikai kapcsolatot tudunk létrehozni egy másik tábla elsődleges kulcsával.”', NULL, NULL, 1, '2026-05-19 13:11:48', '2026-05-19 13:11:48'),
(88, 'single', 'Milyen angol nyelvű rövidítés kerül a kérdőjelek (????) helyére az alábbi definícióban?\r\n\r\n„???? is a software development process relying on software requirements being converted to test cases before software is fully developed, and tracking all software development by repeatedly testing the software against all test cases.”', NULL, NULL, 1, '2026-05-19 13:12:19', '2026-05-19 13:12:19'),
(89, 'single', 'Melyik tesztelési módszer (ami a legjobban automatizálható) van a tesztelési piramis alján?', NULL, NULL, 1, '2026-05-19 13:12:39', '2026-05-19 13:12:39'),
(90, 'single', 'Melyik HTML5-lapszerkezet (layout) kialakítására szolgáló elem (tag) segítségével lehet menüsort kialakítani?', NULL, NULL, 1, '2026-05-19 13:13:13', '2026-05-19 13:13:13'),
(91, 'single', 'Melyik SQL záradékot lehet használni egy lekérdezésben a csoportosított eredmények szűrésére?', NULL, NULL, 1, '2026-05-19 13:13:34', '2026-05-19 13:13:34'),
(92, 'single', 'Melyik kulcsszó nem illeszthető a kérdőjelek (????) helyére a következő JavaScript kódban?', NULL, '$.ajax({\r\n    method: \"????\",\r\n    url: \"some.php\",\r\n    data: { name: \"John\", location: \"Boston\" }\r\n})\r\n.done(function(msg) {\r\n    alert(\"Data Saved: \" + msg);\r\n});', 1, '2026-05-19 13:14:01', '2026-05-19 13:14:01'),
(93, 'single', 'Melyik online szolgáltatáshoz nincs integráció a Trelloban?', NULL, NULL, 1, '2026-05-19 13:14:27', '2026-05-19 13:14:27'),
(94, 'single', 'Igaz-e az állítás?\r\n\r\n„Az interfészek tulajdonképpen absztrakt osztályok.”', NULL, NULL, 1, '2026-05-19 13:14:56', '2026-05-19 13:14:56'),
(95, 'single', 'Melyik állítás a hamis?', NULL, NULL, 1, '2026-05-19 13:15:41', '2026-05-19 13:15:41'),
(96, 'single', 'Mi a neve annak a speciális metódusnak, amelyet az alábbi kódrészletben a nyíllal jelölt sorban láthatunk?', NULL, 'C#\r\nclass Derived : AbstractBase {\r\n    public Derived(){ }      /* <-- */\r\n\r\n    public void printMsg() {\r\n        Console.WriteLine(\"Helló világ!\");\r\n    }\r\n}\r\n\r\n\r\nJava\r\nclass Derived extends AbstractBase {\r\n    public Derived(){ }      /* <-- */\r\n\r\n    public void printMsg() {\r\n        System.out.println(\"Helló világ!\");\r\n    }\r\n}', 1, '2026-05-19 13:16:14', '2026-05-19 13:16:14'),
(97, 'single', 'Melyik nem PHP keretrendszer az alábbiak közül?', NULL, NULL, 1, '2026-05-19 13:16:35', '2026-05-19 13:16:35'),
(98, 'single', 'Melyik tiszta kód szabály hibás a változók elnevezéseivel kapcsolatban?', NULL, NULL, 1, '2026-05-19 13:17:06', '2026-05-19 13:17:06'),
(99, 'single', 'Melyik HTML elemmel tudunk sortörést beszúrni egy bekezdésbe?', NULL, NULL, 1, '2026-05-19 13:19:02', '2026-05-19 13:19:02'),
(100, 'single', 'Melyik nem mobilalkalmazásfejlesztési technológia?', NULL, NULL, 1, '2026-05-19 13:19:25', '2026-05-19 13:19:25'),
(101, 'single', 'Melyik tartalomkezelő (CMS) rendszer a felsoroltak közül?', NULL, NULL, 1, '2026-05-19 13:19:45', '2026-05-19 13:19:45'),
(102, 'single', 'A következő felsorolásban népszerű, a JavaScript backend keretrendszerek által használt adatbázis szerverek nevei találhatók. Melyik nem relációs adatbázis-kezelő rendszer?', NULL, NULL, 1, '2026-05-19 13:20:10', '2026-05-19 13:20:10'),
(103, 'single', 'Melyik osztálytagtípus definícióját olvashatja az alábbiakban?\r\n\r\n„Olyan speciális osztályelem, amely bár kifejezésekben és műveletekben mező ill. változó módjára viselkedik, olvasása és írása esetében azonban memóriaterületek közvetlen írása helyett a deklarálásakor meghatározott olvasó (getter) és/vagy író (setter) metódusok kerülnek meghívásra.”\r\n', NULL, NULL, 1, '2026-05-19 13:20:36', '2026-05-19 13:20:36'),
(104, 'single', 'Melyik objektum azonosító (konstruktor) hiányzik a kérdőjelek helyén az AJAX technológiát használó JavaScript kódrészletben?', NULL, 'var xhr = new ??? ();\r\n...\r\nxhr.open(\"POST\",\"feldolgoz.php\", true);', 1, '2026-05-19 13:21:07', '2026-05-19 13:21:07'),
(105, 'single', 'Melyik JavaScript teszt-keretrendszer a felsoroltak közül?', NULL, NULL, 1, '2026-05-19 13:21:27', '2026-05-19 13:21:27'),
(106, 'single', 'A következő git parancsban melyik paraméter hiányozhat a kérdőjelek helyén?\r\nA parancs a távoli remote nevű tároló repository kapcsolatát törli.', NULL, 'git remote ??? origin', 1, '2026-05-19 13:21:51', '2026-05-19 13:21:51'),
(107, 'single', 'Az Angular JavaScript frontend keretrendszert ki fejleszti?', NULL, NULL, 1, '2026-05-19 13:22:11', '2026-05-19 13:22:11'),
(108, 'single', 'Melyik git paranccsal tudunk az issue-68 nevű meglévő ágba (branch) váltani?', NULL, NULL, 1, '2026-05-19 13:22:43', '2026-05-19 13:22:43'),
(109, 'single', 'Mit kell írni a kérdőjelek (???) helyére a JavaScript függvényben, hogy az arab számot római számra váltó függvény helyesen működjön?', NULL, 'function arabToRoman(number)\r\n{\r\n    let dec = [1,4,5,9,10,40,50,90,100,400,500,900,1000]\r\n    let rom = [\'I\',\'IV\',\'V\',\'IX\',\'X\',\'XL\',\'L\',\'XC\',\'C\',\'CD\',\'D\',\'CM\',\'M\']\r\n    let i = rom.lenght - 1\r\n    let roman = \'\'\r\n    while (number > 0) {\r\n        let x = Math.floor(number / dec[i])\r\n        number = number % dec[i]\r\n        while ( ??? ) roman = roman + rom[i]\r\n        i--\r\n    }\r\n    return roman\r\n}', 1, '2026-05-19 13:23:12', '2026-05-19 13:23:12'),
(110, 'single', 'Melyik kulcsszóval tudjuk meghatározni a megjelenő eredménysorok számát egy MySQL lekérdezésben?', NULL, NULL, 1, '2026-05-19 13:23:38', '2026-05-19 13:23:38'),
(111, 'single', 'Melyik JavaScript frontend keretrendszer a felsoroltak közül?', NULL, NULL, 1, '2026-05-19 13:23:57', '2026-05-19 13:23:57'),
(112, 'single', 'Melyik tiszta kód alapelvhez kapcsolható a következő leírás?\r\n\r\n„Minden osztály legyen helyettesíthető a leszármazott osztályával anélkül, hogy a program helyes működése megváltozna.”', NULL, NULL, 1, '2026-05-19 13:24:26', '2026-05-19 13:24:26'),
(113, 'single', 'Melyik SQL záradék hiányozhat a kérdőjelek (???) helyén?', NULL, 'UPDATE myTable SET c=c+1 ??? a=1;', 1, '2026-05-19 13:24:52', '2026-05-19 13:24:52'),
(114, 'single', 'Melyik JavaScript függvényhívás tér vissza igaz értékkel a felsoroltak közül?', NULL, 'function foo3(str1, str2) {\r\n    return str1.lenght == str2.lenght && (str1 + str1).indexOf(str2) != -1\r\n}', 1, '2026-05-19 13:25:21', '2026-05-19 13:25:21'),
(115, 'single', 'Melyik nem megfelelő metódusnév (azonosító) a tiszta kód alapelvei szerint?', NULL, NULL, 1, '2026-05-19 13:25:44', '2026-05-19 13:25:44'),
(116, 'single', 'Melyik CSS tulajdonság úgynevezett \"shorthand property\" a felsoroltak közül?', NULL, NULL, 1, '2026-05-19 13:26:05', '2026-05-19 13:26:05'),
(117, 'single', 'Melyik angol szakkifejezés tartozik a következő leíráshoz?\r\n\r\n„Egy adott osztály örökölhet tulajdonságokat és viselkedésformákat egy másik osztálytól. Az utód osztályában csak az ősosztálytól való eltéréseket kell megadni.”', NULL, NULL, 1, '2026-05-19 13:26:24', '2026-05-19 13:26:24'),
(118, 'single', 'Milyen típusú tesztet valósít meg a következő kódrészlet?', NULL, 'describe(\"My First Test\", () => {\r\n    it(\"Visits the app root url\", () => {\r\n        cy.visit(\"/\");\r\n        cy.contains(\"h1\", \"Welcome to Vuetify\");\r\n    });\r\n});', 1, '2026-05-19 13:26:53', '2026-05-19 13:26:53'),
(119, 'sort', 'Az egyik távoli GitHub repository-ba fel akar tölteni egy állományt a számítógépéről. A feltöltési jogosultságot megadták, de a helyi gépre még nincs klónozva a repository. Rendezze időrendi sorrendbe a feltöltéshez szükséges lépéseket!', NULL, NULL, 1, '2026-05-19 13:29:48', '2026-05-19 13:32:06'),
(120, 'multiple', 'Válassza ki a helyes állításokat, amelyek a GitHub repository-ra vonatkoznak!', NULL, NULL, 1, '2026-05-19 13:31:36', '2026-05-19 13:31:36'),
(121, 'match', 'Párosítsa a megadott kijelölőkhöz (szelektorokhoz) a megfelelő példázatot!', NULL, NULL, 1, '2026-05-19 13:32:54', '2026-05-19 13:32:54'),
(122, 'single', 'Képet szeretne elhelyezni egy HTML5 oldalon. Jelölje meg, hogy melyik a helyes kivitelezés!', NULL, NULL, 1, '2026-05-19 13:33:48', '2026-05-19 13:33:48'),
(123, 'match', 'Párosítsa a függvényeket a JavaScript nyelvben végrehajtott feladatukkal!', NULL, NULL, 1, '2026-05-19 13:34:45', '2026-05-19 13:34:45'),
(124, 'single', 'Elemezze a mellékelt JavaScript kódot! Jelölje meg az utolsó számot, ami a konzolban kiírásra kerül!', NULL, 'for (let szam = 10; szam > 0; szam--) {\r\n    if (szam % 2 == 1) {\r\n        console.log(szam);\r\n        if (szam % 7 == 0) {\r\n            szam++;\r\n            break;\r\n        }\r\n    }\r\n}\r\n', 1, '2026-05-19 13:35:24', '2026-05-19 13:35:24'),
(125, 'single', 'Olyan függvényt szeretnénk írni, amely Ft (HUF) árfolyam értéket Euró (EUR) értékre alakít át. Jelölje meg a felsorolt elnevezések közül azt, amelyik a legalkalmasabb arra, hogy nemzetközi fejlesztői csoportmunkában is használható legyen, és egyértelműen mutassa a függvény feladatát!', NULL, NULL, 1, '2026-05-19 13:35:54', '2026-05-19 13:35:54'),
(126, 'single', 'A programunkban szükség van több esetben lista átlagának kiszámítására és a lista legkisebb elemének meghatározására. A megoldáshoz függvényt vagy függvényeket szeretnénk írni. Jelölje meg azt a megoldást, amelyik a tiszta kód alapelveit figyelembe véve a legalkalmasabb!', NULL, NULL, 1, '2026-05-19 13:36:46', '2026-05-19 13:36:46'),
(127, 'single', 'A Tanulok táblából szeretnénk kiválasztani NÉVSORRENDBEN a 12C osztályos, 4 feletti átlagú tanulók neveit. Jelölje meg, hogy melyik a helyes lekérdezés a felsoroltak közül!', NULL, NULL, 1, '2026-05-19 13:37:19', '2026-05-19 13:37:19'),
(128, 'multiple', 'Az elektronikus naplóban tanulók és tanárok neveit szeretnénk tárolni. Jelölje meg, hogy a felsorolt mezők közül melyek alkalmasak elsődleges kulcsnak (PRIMARY KEY)!', NULL, NULL, 1, '2026-05-19 13:37:50', '2026-05-19 13:37:50'),
(129, 'single', 'Jelölje meg, hogy melyik fejlesztői környezet NEM alkalmas natívan mobil alkalmazás fejlesztésére!\r\nAz a környezet nem alkalmas natívan, amelyhez külső könyvtárat kell használni.', NULL, NULL, 1, '2026-05-19 13:38:14', '2026-05-19 13:38:14'),
(130, 'single', 'Jelölje meg a felsoroltak közül a frontend JavaScript keretrendszernek tekintett rendszert!\r\nA helyes választ jelentő keretrendszert elsősorban frontend fejlesztésre fejlesztették ki, és arra kiegészítő modulok telepítése nélkül is alkalmas.', NULL, NULL, 1, '2026-05-19 13:38:45', '2026-05-19 13:38:45'),
(131, 'match', 'Csoportosítsa az állításokat aszerint, hogy melyik frontend keretrendszerre jellemzők!', NULL, NULL, 1, '2026-05-19 13:40:27', '2026-05-19 13:40:27'),
(132, 'single', 'Válassza ki azt a feladatot, mely NEM tartozik a Backend fejlesztő tevékenységeihez!', NULL, NULL, 1, '2026-05-19 13:40:54', '2026-05-19 13:40:54'),
(133, 'single', 'Adottak az alábbi mezők és értékek:\r\n• nev mező | értéke: „Minta József”\r\n• atlag mező | értéke: 4.5\r\nVálassza ki, hogyan néz ki az adat JSON formátumban!', NULL, '1. válaszlehetőség\r\n{\r\n  \"nev\": \"Minta József\",\r\n  \"atlag\": 4.5\r\n}\r\n\r\n2. válaszlehetőség\r\n{\r\n  \"nev\"-> \"Minta József\",\r\n  \"atlag\"-> 4.5\r\n}\r\n\r\n3. válaszlehetőség\r\n{\r\n  \"Minta József\": \"nev\",\r\n  4.5:\"atlag\"\r\n}\r\n\r\n4. válaszlehetőség\r\n{\r\n  \"nev\" <- \"Minta József\",\r\n  \"atlag\" <- 4.5\r\n}\r\n', 1, '2026-05-19 13:42:14', '2026-05-19 13:42:14'),
(134, 'single', 'Jelölje meg, hogy melyik objektumorientált programozási alapelvnek felel meg a következő kijelentés!\r\n\r\n„Az osztály változóinak értékét csak metódusokon keresztül lehet megváltoztatni.”', NULL, NULL, 1, '2026-05-19 13:42:39', '2026-05-19 13:42:39'),
(135, 'match', 'A Java és C# nyelvek esetén az osztály mezőinek és metódusainak láthatóságát határozzák meg az alábbi kulcsszavak. Párosítsa a kulcsszavakat a megfelelő meghatározással!', NULL, NULL, 1, '2026-05-19 13:43:41', '2026-05-19 13:43:41'),
(136, 'single', 'Jelölje meg a CMS (tartalomkezelő) rendszerekre igaz állítást!', NULL, NULL, 1, '2026-05-19 13:44:09', '2026-05-19 13:44:09'),
(137, 'single', 'Jelölje meg, hogy a UNIT tesztelésnél alkalmazott AAA minta esetén, melyik szó köthető az alábbi kijelentéshez!\r\n\r\n„A tesztelés ezen szakaszában kerülhet sor a kezdőfeltételek beállítására, a teszthez szükséges input adatok előkészítésére.”', NULL, NULL, 1, '2026-05-19 13:44:42', '2026-05-19 13:44:42'),
(138, 'single', 'A mellékelt piramis a szoftvertesztelési szinteket mutatja. Minden szintnek megfeleltethető valamely teszt a megadottak közül. Jelölje meg, hogy melyik teszt tartozik a középső (piros kérdőjelekkel jelölt) szinthez!', NULL, NULL, 1, '2026-05-19 13:45:10', '2026-05-19 13:45:10'),
(139, 'single', 'Lehetséges-e egy Git repositoryt megosztani másokkal?\r\nJelölje meg a helyes választ!\r\n', NULL, NULL, 1, '2026-05-19 13:47:14', '2026-05-19 13:47:14'),
(140, 'multiple', 'Mely megállapítások igazak a REST API technológiákra?', NULL, NULL, 1, '2026-05-19 13:48:11', '2026-05-19 13:48:11'),
(141, 'multiple', 'Melyek az igaz állítások a Git és GitHub használatára vonatkozóan?', NULL, NULL, 1, '2026-05-19 13:52:41', '2026-05-19 13:52:50'),
(142, 'single', 'A távoli GitHub repository klónozva lett a helyi gépre (git clone segítségével). A helyi repository-ban az egyik állományon változtatást végzett, majd kiadta a „git commit” utasítást a megfelelő paraméterekkel, de azt tapasztalja, hogy a távoli GitHub repository-ban nem látszódik a változás.\r\n\r\nMi az oka ennek?', NULL, NULL, 1, '2026-05-19 13:53:16', '2026-05-19 13:53:16'),
(143, 'match', 'Párosítsa a betűformázásokat ahhoz a CSS formázáshoz, amellyel meg lehet azt oldani!', NULL, NULL, 1, '2026-05-19 13:54:02', '2026-05-19 13:54:02'),
(144, 'single', 'Adott a \"result\" azonosítóval ellátott DIV elem. Az alábbi JavaScript kód mit fog kiírni a „result” azonosítójú DIV elemnek a belsejében?', NULL, 'const n = 10;\r\ndocument.getElementById(\"result\").innerHTML = \"\";\r\n\r\nfor (let i = 1; i <= n/2; i++)\r\n{\r\n    if (n % i == 0)\r\n        document.getElementById(\"result\").innerHTML += i + \",\";\r\n}\r\n\r\ndocument.getElementById(\"result\").innerHTML += n;', 1, '2026-05-19 13:55:56', '2026-05-19 13:55:56'),
(145, 'multiple', 'Melyek az igaz állítások a JavaScript Array (tömb) megvalósítására vonatkozóan?', NULL, NULL, 1, '2026-05-19 13:56:39', '2026-05-19 13:56:39'),
(146, 'single', 'Online játékot fejleszt nemzetközi piacra, amelyben a játékbeli valutának van felső határa. Ezt szeretné eltárolni konstans értékként a program kódjában.\r\n\r\nA felsoroltak közül mely azonosító felel meg leginkább a tiszta kód elvárásainak?', NULL, NULL, 1, '2026-05-19 13:57:35', '2026-05-19 13:57:35'),
(147, 'single', 'Adott a User osztály, amelyet felhasználók adatainak tárolására használ. Szeretne olyan metódust írni egy másik osztályban, amely a User bizonyos adatait használja.\r\n\r\nA metódus paraméterébe hogyan érdemes átadni a User osztályban lévő adatokat a tiszta kód elvei alapján?', NULL, NULL, 1, '2026-05-19 13:58:02', '2026-05-19 13:58:02'),
(148, 'single', 'A weboldal felső menüjében szeretnénk olyan menüpontokat létrehozni, amelyre kattintva az adott weblapon belüli részekre lehet ugrani.\r\n\r\nMivel oldható ez meg?', NULL, NULL, 1, '2026-05-19 13:58:30', '2026-05-19 13:58:30'),
(149, 'single', 'Készített Android-ra alkalmazást, de később kiderült, hogy igény van rá iOS-en is.\r\n\r\nMelyik az igaz állítás?', NULL, NULL, 1, '2026-05-19 13:58:55', '2026-05-19 13:58:55'),
(150, 'single', 'Egészítse ki a mondatokat! \r\nMelyik fogalmak illenek a kérdőjelek helyére?\r\n\r\n„Az adatbázis-kezelő rendszerekben azt a jelenséget, amikor többszörösen tárolunk feleslegesen adatot, ?????? nevezzük.\r\nEnnek csökkentésére irányuló eljárást ?????? nevezzük.”', NULL, NULL, 1, '2026-05-19 14:03:04', '2026-05-19 14:03:04'),
(151, 'multiple', 'Melyek az igaz állítások az API használatára vonatkozóan?', NULL, NULL, 1, '2026-05-19 14:03:48', '2026-05-19 14:03:48'),
(152, 'single', 'Milyen módosítót kell írni C# vagy Java nyelvben egy metódus elé, ha azt szeretnénk, hogy bárhol elérhető legyen?', NULL, NULL, 1, '2026-05-19 14:04:14', '2026-05-19 14:04:14'),
(153, 'single', 'Hogyan nevezzük azt a tesztelési módszert, amikor ismerjük a forráskódot?', NULL, NULL, 1, '2026-05-19 14:04:39', '2026-05-19 14:04:39'),
(154, 'sort', 'Állítsa sorrendbe a felsorolt tesztelési technikákat a V-modell alapján!', NULL, NULL, 1, '2026-05-19 14:05:45', '2026-05-19 14:05:45'),
(155, 'single', 'Mi a CMS (tartalomkezelő) rendszer lényege?', NULL, NULL, 1, '2026-05-19 14:06:08', '2026-05-19 14:06:08'),
(156, 'single', 'Adott a Jatekosok nevű tábla, amelyben az egyik mező a „nev”.\r\nHogyan lehet „Minta József” játékos adatait törölni a táblából?', NULL, NULL, 1, '2026-05-19 14:06:36', '2026-05-19 14:06:36'),
(157, 'single', 'Egészítse ki a mondatokat! \r\nMelyik fogalmak illenek a kérdőjelek helyére?\r\n\r\n', NULL, '„Azt a folyamatot, amikor az osztályból egy objektum példányt készítünk, ?????? nevezzük.\r\nAmikor lefut ez a művelet, akkor azt a kitüntetett metódust, ami először fut le, ?????? nevezzük.”', 1, '2026-05-19 14:08:12', '2026-05-19 14:08:12'),
(158, 'single', 'Backend API végpontot szeretne írni játékok év szerinti keresésére.\r\n\r\nMelyik a legcélszerűbb megoldás?', NULL, NULL, 1, '2026-05-19 14:08:42', '2026-05-19 14:08:42'),
(159, 'single', 'Mi a megszokott módszer adatbázisok kezelésére modern Backend fejlesztői környezetekben?', NULL, NULL, 1, '2026-05-19 14:09:11', '2026-05-19 14:09:11'),
(160, 'match', 'Döntse el, hogy az alábbi mondatok igaz vagy hamis állítást tartalmaznak a Frontend webfejlesztéssel kapcsolatban!', NULL, NULL, 1, '2026-05-19 14:10:17', '2026-05-19 14:10:17');

-- --------------------------------------------------------

--
-- Tábla szerkezet ehhez a táblához `session_answers`
--

CREATE TABLE `session_answers` (
  `id` int(11) NOT NULL,
  `session_id` varchar(36) NOT NULL,
  `question_id` int(11) NOT NULL,
  `answer_data` longtext CHARACTER SET utf8mb4 COLLATE utf8mb4_bin NOT NULL CHECK (json_valid(`answer_data`)),
  `is_correct` tinyint(1) DEFAULT 0,
  `answered_at` timestamp NOT NULL DEFAULT current_timestamp()
) ENGINE=InnoDB DEFAULT CHARSET=utf8mb4 COLLATE=utf8mb4_unicode_ci;

--
-- A tábla adatainak kiíratása `session_answers`
--

INSERT INTO `session_answers` (`id`, `session_id`, `question_id`, `answer_data`, `is_correct`, `answered_at`) VALUES
(1, '9cabdeb8-98b0-46ed-8fa7-e870813e688a', 8, '28', 0, '2026-05-19 11:13:01'),
(2, '9cabdeb8-98b0-46ed-8fa7-e870813e688a', 5, '14', 0, '2026-05-19 11:13:05'),
(3, 'b0ace8c3-8612-47ca-b320-380bf2aaccd8', 117, '457', 1, '2026-05-19 14:11:29'),
(7, 'b0ace8c3-8612-47ca-b320-380bf2aaccd8', 154, '[13,15,14,16]', 0, '2026-05-19 14:11:46'),
(9, 'b0ace8c3-8612-47ca-b320-380bf2aaccd8', 74, '282', 1, '2026-05-19 14:11:59'),
(10, 'b0ace8c3-8612-47ca-b320-380bf2aaccd8', 78, '299', 1, '2026-05-19 14:13:53'),
(12, 'b0ace8c3-8612-47ca-b320-380bf2aaccd8', 129, '496', 0, '2026-05-19 14:14:02'),
(13, 'b0ace8c3-8612-47ca-b320-380bf2aaccd8', 52, '197', 0, '2026-05-19 14:14:05'),
(15, 'b0ace8c3-8612-47ca-b320-380bf2aaccd8', 14, '[47,48]', 0, '2026-05-19 14:14:08'),
(16, 'b0ace8c3-8612-47ca-b320-380bf2aaccd8', 3, '11', 0, '2026-05-19 14:14:09'),
(17, 'b0ace8c3-8612-47ca-b320-380bf2aaccd8', 98, '381', 0, '2026-05-19 14:14:11'),
(18, 'b0ace8c3-8612-47ca-b320-380bf2aaccd8', 6, '[21]', 0, '2026-05-19 14:14:12'),
(19, 'b0ace8c3-8612-47ca-b320-380bf2aaccd8', 40, '144', 1, '2026-05-19 14:14:17'),
(20, 'b0ace8c3-8612-47ca-b320-380bf2aaccd8', 83, '321', 0, '2026-05-19 14:14:19'),
(21, 'b0ace8c3-8612-47ca-b320-380bf2aaccd8', 56, '214', 0, '2026-05-19 14:14:21'),
(22, 'b0ace8c3-8612-47ca-b320-380bf2aaccd8', 75, '285', 1, '2026-05-19 14:14:25'),
(23, 'b0ace8c3-8612-47ca-b320-380bf2aaccd8', 152, '583', 0, '2026-05-19 14:14:27'),
(25, 'b0ace8c3-8612-47ca-b320-380bf2aaccd8', 96, '374', 0, '2026-05-19 14:14:32'),
(26, 'b0ace8c3-8612-47ca-b320-380bf2aaccd8', 112, '436', 1, '2026-05-19 14:14:35'),
(27, 'b0ace8c3-8612-47ca-b320-380bf2aaccd8', 42, '157', 1, '2026-05-19 14:14:40'),
(28, 'b0ace8c3-8612-47ca-b320-380bf2aaccd8', 66, '251', 1, '2026-05-19 14:14:43'),
(29, 'b0ace8c3-8612-47ca-b320-380bf2aaccd8', 46, '174', 0, '2026-05-19 14:14:45'),
(32, '06cf5472-5b4b-468a-8b02-b508e5ca9e3d', 4, '{\"1\":\"font-family\",\"2\":\"font-weight\",\"4\":\"font-style\"}', 0, '2026-05-19 14:53:48'),
(33, '29635126-35b6-42eb-86d2-b3852421d429', 117, '458', 0, '2026-05-19 14:54:25'),
(34, '29635126-35b6-42eb-86d2-b3852421d429', 91, '351', 0, '2026-05-19 14:54:47'),
(35, '29635126-35b6-42eb-86d2-b3852421d429', 28, '101', 0, '2026-05-19 14:54:48'),
(36, '29635126-35b6-42eb-86d2-b3852421d429', 114, '443', 0, '2026-05-19 14:54:49'),
(37, '29635126-35b6-42eb-86d2-b3852421d429', 76, '294', 0, '2026-05-19 14:54:51'),
(38, '29635126-35b6-42eb-86d2-b3852421d429', 17, '61', 0, '2026-05-19 14:54:52'),
(39, '29635126-35b6-42eb-86d2-b3852421d429', 31, '112', 1, '2026-05-19 14:54:54'),
(41, '29635126-35b6-42eb-86d2-b3852421d429', 123, '{}', 0, '2026-05-19 15:02:40'),
(49, '97b37a09-6e9f-47d0-8a75-31847dc5c399', 2, '[]', 0, '2026-05-19 15:13:23'),
(51, 'c28ac0f0-6722-4240-b89d-7860a80ab4f5', 99, '385', 0, '2026-05-19 16:08:18'),
(52, '889dea39-6d84-40de-8a4d-b5b65508d954', 97, '377', 1, '2026-05-19 16:10:10'),
(53, '1b7c89a7-5939-45c6-8cf3-407e3402a0b4', 127, '487', 0, '2026-05-19 16:24:46'),
(59, 'f105c465-dcaf-4caf-9a06-c4a2e922532c', 120, '[464,465]', 1, '2026-05-19 16:26:37'),
(60, 'f105c465-dcaf-4caf-9a06-c4a2e922532c', 104, '403', 0, '2026-05-19 16:26:41'),
(63, 'f105c465-dcaf-4caf-9a06-c4a2e922532c', 112, '436', 1, '2026-05-19 16:26:45'),
(64, 'f105c465-dcaf-4caf-9a06-c4a2e922532c', 151, '[579]', 0, '2026-05-19 16:26:46'),
(65, '01297f18-dc86-4bd1-9219-86d6e2ca0fc3', 122, '471', 1, '2026-05-19 16:29:47'),
(66, '01297f18-dc86-4bd1-9219-86d6e2ca0fc3', 115, '449', 1, '2026-05-19 16:29:53'),
(67, '01297f18-dc86-4bd1-9219-86d6e2ca0fc3', 48, '179', 0, '2026-05-19 16:29:55'),
(68, '01297f18-dc86-4bd1-9219-86d6e2ca0fc3', 65, '250', 0, '2026-05-19 16:29:57'),
(69, '95af9a30-9891-4b90-98ac-69040f5646c5', 72, '272', 0, '2026-05-19 16:32:38'),
(70, '95af9a30-9891-4b90-98ac-69040f5646c5', 150, '574', 1, '2026-05-19 16:32:39'),
(71, '95af9a30-9891-4b90-98ac-69040f5646c5', 15, '[53]', 0, '2026-05-19 16:32:41'),
(75, '2fb08e4c-4193-4aba-9ad9-a4f8cbc4819f', 143, '{\"29\":\"font-family\",\"30\":\"font-style\",\"31\":\"font-variant\",\"32\":\"font-weight\"}', 0, '2026-05-19 16:50:29'),
(76, 'b38d4cde-d2a9-43e7-bfe8-47408781dc92', 33, '116', 1, '2026-05-19 16:55:23'),
(77, 'b38d4cde-d2a9-43e7-bfe8-47408781dc92', 158, '604', 1, '2026-05-19 16:55:24'),
(78, '6c3ad08a-972a-483b-ab5f-16984bfb36ba', 1, '1', 1, '2026-05-19 16:58:19'),
(80, '1497f809-7dd8-457a-9aa8-ffaa299736b4', 101, '394', 0, '2026-05-19 17:13:08'),
(82, '1497f809-7dd8-457a-9aa8-ffaa299736b4', 74, '282', 1, '2026-05-19 17:13:11'),
(83, '1497f809-7dd8-457a-9aa8-ffaa299736b4', 35, '125', 0, '2026-05-19 17:13:12'),
(84, '1497f809-7dd8-457a-9aa8-ffaa299736b4', 55, '210', 0, '2026-05-19 17:13:17'),
(85, '1497f809-7dd8-457a-9aa8-ffaa299736b4', 48, '180', 0, '2026-05-19 17:13:18'),
(86, '1497f809-7dd8-457a-9aa8-ffaa299736b4', 141, '[543]', 0, '2026-05-19 17:13:20'),
(87, '1497f809-7dd8-457a-9aa8-ffaa299736b4', 136, '517', 0, '2026-05-19 17:13:22'),
(88, '1497f809-7dd8-457a-9aa8-ffaa299736b4', 126, '482', 0, '2026-05-19 17:13:23'),
(89, '1497f809-7dd8-457a-9aa8-ffaa299736b4', 125, '480', 0, '2026-05-19 17:13:25'),
(90, '1497f809-7dd8-457a-9aa8-ffaa299736b4', 127, '488', 0, '2026-05-19 17:13:26'),
(91, '1497f809-7dd8-457a-9aa8-ffaa299736b4', 89, '344', 0, '2026-05-19 17:13:27'),
(94, '1497f809-7dd8-457a-9aa8-ffaa299736b4', 4, '{\"2\":\"font-variant\",\"3\":\"font-style\",\"4\":\"font-family\"}', 0, '2026-05-19 17:13:33'),
(96, '48aee063-ecaa-4aa0-9344-bc1a0074b54a', 12, '[4,1,3,2]', 0, '2026-05-19 17:17:17'),
(97, '68c45fe5-f14d-45ef-b5ef-6235b5f697fa', 110, '428', 1, '2026-05-19 17:19:41'),
(98, '68c45fe5-f14d-45ef-b5ef-6235b5f697fa', 61, '233', 0, '2026-05-19 17:19:43'),
(99, '68c45fe5-f14d-45ef-b5ef-6235b5f697fa', 22, '79', 0, '2026-05-19 17:19:46'),
(100, '68c45fe5-f14d-45ef-b5ef-6235b5f697fa', 86, '332', 1, '2026-05-19 17:19:47'),
(101, '68c45fe5-f14d-45ef-b5ef-6235b5f697fa', 6, '[18]', 0, '2026-05-19 17:19:49'),
(102, '68c45fe5-f14d-45ef-b5ef-6235b5f697fa', 23, '82', 0, '2026-05-19 17:19:51'),
(103, '68c45fe5-f14d-45ef-b5ef-6235b5f697fa', 108, '421', 0, '2026-05-19 17:19:52'),
(104, '68c45fe5-f14d-45ef-b5ef-6235b5f697fa', 50, '189', 1, '2026-05-19 17:19:54'),
(105, '68c45fe5-f14d-45ef-b5ef-6235b5f697fa', 128, '[492]', 0, '2026-05-19 17:19:57'),
(106, '02d1241b-d1fb-4a73-9f62-c2ae84820274', 119, '[{\"id\":10,\"item_text\":\"Az állomány hozzáadása (add)\"},{\"id\":11,\"item_text\":\"A változtatások érvényesítése (commit)\"},{\"id\":9,\"item_text\":\"A repository klónozása a gépre (clone)\"},{\"id\":12,\"item_text\":\"A feltöltés a távoli repository-ba (push)\"}]', 0, '2026-05-19 17:26:17'),
(107, '02d1241b-d1fb-4a73-9f62-c2ae84820274', 3, '12', 0, '2026-05-19 17:26:20'),
(109, '02d1241b-d1fb-4a73-9f62-c2ae84820274', 32, '{\"6\":\"GET\",\"8\":\"PUT, PATCH\"}', 0, '2026-05-19 17:26:23'),
(110, '02d1241b-d1fb-4a73-9f62-c2ae84820274', 100, '390', 0, '2026-05-19 17:26:25'),
(111, '02d1241b-d1fb-4a73-9f62-c2ae84820274', 48, '182', 1, '2026-05-19 17:26:26'),
(113, '02d1241b-d1fb-4a73-9f62-c2ae84820274', 128, '[491,490]', 0, '2026-05-19 17:26:28'),
(114, '02d1241b-d1fb-4a73-9f62-c2ae84820274', 104, '406', 1, '2026-05-19 17:26:30'),
(115, '13067488-d1cc-44b7-bb8f-5d0f45a662de', 110, '430', 0, '2026-05-19 17:47:14'),
(116, '6adb0da6-afc2-4b15-89c1-f01130fdef1b', 154, '[13,15,14,16]', 0, '2026-05-19 17:56:58'),
(117, '6adb0da6-afc2-4b15-89c1-f01130fdef1b', 109, '426', 1, '2026-05-19 17:57:04'),
(119, '2a0dd5cc-4bf6-4acc-ab18-645b1c372a29', 140, '[532,535]', 0, '2026-05-19 17:58:07'),
(120, '2a0dd5cc-4bf6-4acc-ab18-645b1c372a29', 112, '436', 0, '2026-05-19 17:58:09'),
(122, '66909d5f-e273-444d-a790-cfc0a3b3ee6a', 140, '[532,534]', 0, '2026-05-19 17:59:00'),
(123, '72c3ad13-c4ea-4fb6-aa43-8411fb800405', 12, '[3,4,1,2]', 0, '2026-05-19 17:59:15');

-- --------------------------------------------------------

--
-- Tábla szerkezet ehhez a táblához `session_questions`
--

CREATE TABLE `session_questions` (
  `id` int(11) NOT NULL,
  `session_id` varchar(36) NOT NULL,
  `question_id` int(11) NOT NULL,
  `question_order` int(11) NOT NULL
) ENGINE=InnoDB DEFAULT CHARSET=utf8mb4 COLLATE=utf8mb4_unicode_ci;

--
-- A tábla adatainak kiíratása `session_questions`
--

INSERT INTO `session_questions` (`id`, `session_id`, `question_id`, `question_order`) VALUES
(1, '9cabdeb8-98b0-46ed-8fa7-e870813e688a', 8, 1),
(2, '9cabdeb8-98b0-46ed-8fa7-e870813e688a', 5, 2),
(3, '9cabdeb8-98b0-46ed-8fa7-e870813e688a', 6, 3),
(4, '9cabdeb8-98b0-46ed-8fa7-e870813e688a', 2, 4),
(5, '9cabdeb8-98b0-46ed-8fa7-e870813e688a', 12, 5),
(6, '9cabdeb8-98b0-46ed-8fa7-e870813e688a', 13, 6),
(7, '9cabdeb8-98b0-46ed-8fa7-e870813e688a', 1, 7),
(8, '9cabdeb8-98b0-46ed-8fa7-e870813e688a', 17, 8),
(9, '9cabdeb8-98b0-46ed-8fa7-e870813e688a', 7, 9),
(10, '9cabdeb8-98b0-46ed-8fa7-e870813e688a', 3, 10),
(11, '9cabdeb8-98b0-46ed-8fa7-e870813e688a', 16, 11),
(12, '9cabdeb8-98b0-46ed-8fa7-e870813e688a', 18, 12),
(13, '9cabdeb8-98b0-46ed-8fa7-e870813e688a', 9, 13),
(14, '9cabdeb8-98b0-46ed-8fa7-e870813e688a', 14, 14),
(15, '9cabdeb8-98b0-46ed-8fa7-e870813e688a', 11, 15),
(16, '9cabdeb8-98b0-46ed-8fa7-e870813e688a', 15, 16),
(17, '9cabdeb8-98b0-46ed-8fa7-e870813e688a', 4, 17),
(18, '9cabdeb8-98b0-46ed-8fa7-e870813e688a', 10, 18),
(19, 'b0ace8c3-8612-47ca-b320-380bf2aaccd8', 117, 1),
(20, 'b0ace8c3-8612-47ca-b320-380bf2aaccd8', 154, 2),
(21, 'b0ace8c3-8612-47ca-b320-380bf2aaccd8', 74, 3),
(22, 'b0ace8c3-8612-47ca-b320-380bf2aaccd8', 78, 4),
(23, 'b0ace8c3-8612-47ca-b320-380bf2aaccd8', 129, 5),
(24, 'b0ace8c3-8612-47ca-b320-380bf2aaccd8', 52, 6),
(25, 'b0ace8c3-8612-47ca-b320-380bf2aaccd8', 14, 7),
(26, 'b0ace8c3-8612-47ca-b320-380bf2aaccd8', 3, 8),
(27, 'b0ace8c3-8612-47ca-b320-380bf2aaccd8', 98, 9),
(28, 'b0ace8c3-8612-47ca-b320-380bf2aaccd8', 6, 10),
(29, 'b0ace8c3-8612-47ca-b320-380bf2aaccd8', 40, 11),
(30, 'b0ace8c3-8612-47ca-b320-380bf2aaccd8', 83, 12),
(31, 'b0ace8c3-8612-47ca-b320-380bf2aaccd8', 56, 13),
(32, 'b0ace8c3-8612-47ca-b320-380bf2aaccd8', 75, 14),
(33, 'b0ace8c3-8612-47ca-b320-380bf2aaccd8', 152, 15),
(34, 'b0ace8c3-8612-47ca-b320-380bf2aaccd8', 96, 16),
(35, 'b0ace8c3-8612-47ca-b320-380bf2aaccd8', 112, 17),
(36, 'b0ace8c3-8612-47ca-b320-380bf2aaccd8', 42, 18),
(37, 'b0ace8c3-8612-47ca-b320-380bf2aaccd8', 66, 19),
(38, 'b0ace8c3-8612-47ca-b320-380bf2aaccd8', 46, 20),
(39, '20780d7f-f197-4935-82cc-88b3af7288ef', 129, 1),
(40, '20780d7f-f197-4935-82cc-88b3af7288ef', 52, 2),
(41, '20780d7f-f197-4935-82cc-88b3af7288ef', 5, 3),
(42, '20780d7f-f197-4935-82cc-88b3af7288ef', 150, 4),
(43, '20780d7f-f197-4935-82cc-88b3af7288ef', 24, 5),
(44, '20780d7f-f197-4935-82cc-88b3af7288ef', 120, 6),
(45, '20780d7f-f197-4935-82cc-88b3af7288ef', 131, 7),
(46, '20780d7f-f197-4935-82cc-88b3af7288ef', 70, 8),
(47, '20780d7f-f197-4935-82cc-88b3af7288ef', 67, 9),
(48, '20780d7f-f197-4935-82cc-88b3af7288ef', 112, 10),
(49, '20780d7f-f197-4935-82cc-88b3af7288ef', 156, 11),
(50, '20780d7f-f197-4935-82cc-88b3af7288ef', 160, 12),
(51, '20780d7f-f197-4935-82cc-88b3af7288ef', 59, 13),
(52, '20780d7f-f197-4935-82cc-88b3af7288ef', 42, 14),
(53, '20780d7f-f197-4935-82cc-88b3af7288ef', 106, 15),
(54, '20780d7f-f197-4935-82cc-88b3af7288ef', 28, 16),
(55, '20780d7f-f197-4935-82cc-88b3af7288ef', 47, 17),
(56, '20780d7f-f197-4935-82cc-88b3af7288ef', 127, 18),
(57, '20780d7f-f197-4935-82cc-88b3af7288ef', 51, 19),
(58, '20780d7f-f197-4935-82cc-88b3af7288ef', 48, 20),
(59, '06cf5472-5b4b-468a-8b02-b508e5ca9e3d', 84, 1),
(60, '06cf5472-5b4b-468a-8b02-b508e5ca9e3d', 154, 2),
(61, '06cf5472-5b4b-468a-8b02-b508e5ca9e3d', 39, 3),
(62, '06cf5472-5b4b-468a-8b02-b508e5ca9e3d', 148, 4),
(63, '06cf5472-5b4b-468a-8b02-b508e5ca9e3d', 126, 5),
(64, '06cf5472-5b4b-468a-8b02-b508e5ca9e3d', 37, 6),
(65, '06cf5472-5b4b-468a-8b02-b508e5ca9e3d', 28, 7),
(66, '06cf5472-5b4b-468a-8b02-b508e5ca9e3d', 82, 8),
(67, '06cf5472-5b4b-468a-8b02-b508e5ca9e3d', 7, 9),
(68, '06cf5472-5b4b-468a-8b02-b508e5ca9e3d', 117, 10),
(69, '06cf5472-5b4b-468a-8b02-b508e5ca9e3d', 45, 11),
(70, '06cf5472-5b4b-468a-8b02-b508e5ca9e3d', 132, 12),
(71, '06cf5472-5b4b-468a-8b02-b508e5ca9e3d', 63, 13),
(72, '06cf5472-5b4b-468a-8b02-b508e5ca9e3d', 114, 14),
(73, '06cf5472-5b4b-468a-8b02-b508e5ca9e3d', 93, 15),
(74, '06cf5472-5b4b-468a-8b02-b508e5ca9e3d', 118, 16),
(75, '06cf5472-5b4b-468a-8b02-b508e5ca9e3d', 52, 17),
(76, '06cf5472-5b4b-468a-8b02-b508e5ca9e3d', 147, 18),
(77, '06cf5472-5b4b-468a-8b02-b508e5ca9e3d', 98, 19),
(78, '06cf5472-5b4b-468a-8b02-b508e5ca9e3d', 4, 20),
(79, '29635126-35b6-42eb-86d2-b3852421d429', 117, 1),
(80, '29635126-35b6-42eb-86d2-b3852421d429', 91, 2),
(81, '29635126-35b6-42eb-86d2-b3852421d429', 28, 3),
(82, '29635126-35b6-42eb-86d2-b3852421d429', 114, 4),
(83, '29635126-35b6-42eb-86d2-b3852421d429', 76, 5),
(84, '29635126-35b6-42eb-86d2-b3852421d429', 17, 6),
(85, '29635126-35b6-42eb-86d2-b3852421d429', 31, 7),
(86, '29635126-35b6-42eb-86d2-b3852421d429', 94, 8),
(87, '29635126-35b6-42eb-86d2-b3852421d429', 24, 9),
(88, '29635126-35b6-42eb-86d2-b3852421d429', 120, 10),
(89, '29635126-35b6-42eb-86d2-b3852421d429', 125, 11),
(90, '29635126-35b6-42eb-86d2-b3852421d429', 159, 12),
(91, '29635126-35b6-42eb-86d2-b3852421d429', 158, 13),
(92, '29635126-35b6-42eb-86d2-b3852421d429', 116, 14),
(93, '29635126-35b6-42eb-86d2-b3852421d429', 70, 15),
(94, '29635126-35b6-42eb-86d2-b3852421d429', 103, 16),
(95, '29635126-35b6-42eb-86d2-b3852421d429', 123, 17),
(96, '29635126-35b6-42eb-86d2-b3852421d429', 16, 18),
(97, '29635126-35b6-42eb-86d2-b3852421d429', 155, 19),
(98, '29635126-35b6-42eb-86d2-b3852421d429', 81, 20),
(99, '97b37a09-6e9f-47d0-8a75-31847dc5c399', 125, 1),
(100, '97b37a09-6e9f-47d0-8a75-31847dc5c399', 8, 2),
(101, '97b37a09-6e9f-47d0-8a75-31847dc5c399', 151, 3),
(102, '97b37a09-6e9f-47d0-8a75-31847dc5c399', 78, 4),
(103, '97b37a09-6e9f-47d0-8a75-31847dc5c399', 92, 5),
(104, '97b37a09-6e9f-47d0-8a75-31847dc5c399', 50, 6),
(105, '97b37a09-6e9f-47d0-8a75-31847dc5c399', 109, 7),
(106, '97b37a09-6e9f-47d0-8a75-31847dc5c399', 13, 8),
(107, '97b37a09-6e9f-47d0-8a75-31847dc5c399', 148, 9),
(108, '97b37a09-6e9f-47d0-8a75-31847dc5c399', 15, 10),
(109, '97b37a09-6e9f-47d0-8a75-31847dc5c399', 108, 11),
(110, '97b37a09-6e9f-47d0-8a75-31847dc5c399', 114, 12),
(111, '97b37a09-6e9f-47d0-8a75-31847dc5c399', 128, 13),
(112, '97b37a09-6e9f-47d0-8a75-31847dc5c399', 2, 14),
(113, '97b37a09-6e9f-47d0-8a75-31847dc5c399', 9, 15),
(114, '97b37a09-6e9f-47d0-8a75-31847dc5c399', 61, 16),
(115, '97b37a09-6e9f-47d0-8a75-31847dc5c399', 34, 17),
(116, '97b37a09-6e9f-47d0-8a75-31847dc5c399', 62, 18),
(117, '97b37a09-6e9f-47d0-8a75-31847dc5c399', 29, 19),
(118, '97b37a09-6e9f-47d0-8a75-31847dc5c399', 52, 20),
(119, 'ee6ed9f3-67dd-4837-b170-7bf5ee25a8b0', 91, 1),
(120, 'ee6ed9f3-67dd-4837-b170-7bf5ee25a8b0', 114, 2),
(121, 'ee6ed9f3-67dd-4837-b170-7bf5ee25a8b0', 14, 3),
(122, 'ee6ed9f3-67dd-4837-b170-7bf5ee25a8b0', 29, 4),
(123, 'ee6ed9f3-67dd-4837-b170-7bf5ee25a8b0', 102, 5),
(124, 'ee6ed9f3-67dd-4837-b170-7bf5ee25a8b0', 12, 6),
(125, 'ee6ed9f3-67dd-4837-b170-7bf5ee25a8b0', 111, 7),
(126, 'ee6ed9f3-67dd-4837-b170-7bf5ee25a8b0', 87, 8),
(127, 'ee6ed9f3-67dd-4837-b170-7bf5ee25a8b0', 130, 9),
(128, 'ee6ed9f3-67dd-4837-b170-7bf5ee25a8b0', 33, 10),
(129, 'ee6ed9f3-67dd-4837-b170-7bf5ee25a8b0', 113, 11),
(130, 'ee6ed9f3-67dd-4837-b170-7bf5ee25a8b0', 98, 12),
(131, 'ee6ed9f3-67dd-4837-b170-7bf5ee25a8b0', 58, 13),
(132, 'ee6ed9f3-67dd-4837-b170-7bf5ee25a8b0', 57, 14),
(133, 'ee6ed9f3-67dd-4837-b170-7bf5ee25a8b0', 23, 15),
(134, 'ee6ed9f3-67dd-4837-b170-7bf5ee25a8b0', 11, 16),
(135, 'ee6ed9f3-67dd-4837-b170-7bf5ee25a8b0', 141, 17),
(136, 'ee6ed9f3-67dd-4837-b170-7bf5ee25a8b0', 30, 18),
(137, 'ee6ed9f3-67dd-4837-b170-7bf5ee25a8b0', 53, 19),
(138, 'ee6ed9f3-67dd-4837-b170-7bf5ee25a8b0', 110, 20),
(139, '95b53562-4f4e-487c-bc24-626707de18a0', 45, 1),
(140, '95b53562-4f4e-487c-bc24-626707de18a0', 22, 2),
(141, '95b53562-4f4e-487c-bc24-626707de18a0', 54, 3),
(142, '95b53562-4f4e-487c-bc24-626707de18a0', 147, 4),
(143, '95b53562-4f4e-487c-bc24-626707de18a0', 146, 5),
(144, '95b53562-4f4e-487c-bc24-626707de18a0', 129, 6),
(145, '95b53562-4f4e-487c-bc24-626707de18a0', 137, 7),
(146, '95b53562-4f4e-487c-bc24-626707de18a0', 145, 8),
(147, '95b53562-4f4e-487c-bc24-626707de18a0', 35, 9),
(148, '95b53562-4f4e-487c-bc24-626707de18a0', 148, 10),
(149, '95b53562-4f4e-487c-bc24-626707de18a0', 23, 11),
(150, '95b53562-4f4e-487c-bc24-626707de18a0', 37, 12),
(151, '95b53562-4f4e-487c-bc24-626707de18a0', 144, 13),
(152, '95b53562-4f4e-487c-bc24-626707de18a0', 17, 14),
(153, '95b53562-4f4e-487c-bc24-626707de18a0', 1, 15),
(154, '95b53562-4f4e-487c-bc24-626707de18a0', 76, 16),
(155, '95b53562-4f4e-487c-bc24-626707de18a0', 104, 17),
(156, '95b53562-4f4e-487c-bc24-626707de18a0', 157, 18),
(157, '95b53562-4f4e-487c-bc24-626707de18a0', 79, 19),
(158, '95b53562-4f4e-487c-bc24-626707de18a0', 118, 20),
(159, '4aa1d167-8b6c-4993-a40f-572b92eb97c1', 126, 1),
(160, '4aa1d167-8b6c-4993-a40f-572b92eb97c1', 32, 2),
(161, '4aa1d167-8b6c-4993-a40f-572b92eb97c1', 10, 3),
(162, '4aa1d167-8b6c-4993-a40f-572b92eb97c1', 47, 4),
(163, '4aa1d167-8b6c-4993-a40f-572b92eb97c1', 76, 5),
(164, '4aa1d167-8b6c-4993-a40f-572b92eb97c1', 44, 6),
(165, '4aa1d167-8b6c-4993-a40f-572b92eb97c1', 24, 7),
(166, '4aa1d167-8b6c-4993-a40f-572b92eb97c1', 100, 8),
(167, '4aa1d167-8b6c-4993-a40f-572b92eb97c1', 51, 9),
(168, '4aa1d167-8b6c-4993-a40f-572b92eb97c1', 86, 10),
(169, '4aa1d167-8b6c-4993-a40f-572b92eb97c1', 114, 11),
(170, '4aa1d167-8b6c-4993-a40f-572b92eb97c1', 45, 12),
(171, '4aa1d167-8b6c-4993-a40f-572b92eb97c1', 123, 13),
(172, '4aa1d167-8b6c-4993-a40f-572b92eb97c1', 15, 14),
(173, '4aa1d167-8b6c-4993-a40f-572b92eb97c1', 60, 15),
(174, '4aa1d167-8b6c-4993-a40f-572b92eb97c1', 65, 16),
(175, '4aa1d167-8b6c-4993-a40f-572b92eb97c1', 104, 17),
(176, '4aa1d167-8b6c-4993-a40f-572b92eb97c1', 80, 18),
(177, '4aa1d167-8b6c-4993-a40f-572b92eb97c1', 23, 19),
(178, '4aa1d167-8b6c-4993-a40f-572b92eb97c1', 132, 20),
(179, '617c8d67-f7a3-4947-8f46-a12510af9b70', 48, 1),
(180, '617c8d67-f7a3-4947-8f46-a12510af9b70', 97, 2),
(181, '617c8d67-f7a3-4947-8f46-a12510af9b70', 113, 3),
(182, '617c8d67-f7a3-4947-8f46-a12510af9b70', 5, 4),
(183, '617c8d67-f7a3-4947-8f46-a12510af9b70', 19, 5),
(184, '617c8d67-f7a3-4947-8f46-a12510af9b70', 22, 6),
(185, '617c8d67-f7a3-4947-8f46-a12510af9b70', 66, 7),
(186, '617c8d67-f7a3-4947-8f46-a12510af9b70', 149, 8),
(187, '617c8d67-f7a3-4947-8f46-a12510af9b70', 25, 9),
(188, '617c8d67-f7a3-4947-8f46-a12510af9b70', 90, 10),
(189, '617c8d67-f7a3-4947-8f46-a12510af9b70', 17, 11),
(190, '617c8d67-f7a3-4947-8f46-a12510af9b70', 30, 12),
(191, '617c8d67-f7a3-4947-8f46-a12510af9b70', 96, 13),
(192, '617c8d67-f7a3-4947-8f46-a12510af9b70', 134, 14),
(193, '617c8d67-f7a3-4947-8f46-a12510af9b70', 44, 15),
(194, '617c8d67-f7a3-4947-8f46-a12510af9b70', 40, 16),
(195, '617c8d67-f7a3-4947-8f46-a12510af9b70', 138, 17),
(196, '617c8d67-f7a3-4947-8f46-a12510af9b70', 77, 18),
(197, '617c8d67-f7a3-4947-8f46-a12510af9b70', 160, 19),
(198, '617c8d67-f7a3-4947-8f46-a12510af9b70', 156, 20),
(199, 'c28ac0f0-6722-4240-b89d-7860a80ab4f5', 99, 1),
(200, 'c28ac0f0-6722-4240-b89d-7860a80ab4f5', 158, 2),
(201, 'c28ac0f0-6722-4240-b89d-7860a80ab4f5', 144, 3),
(202, 'c28ac0f0-6722-4240-b89d-7860a80ab4f5', 130, 4),
(203, 'c28ac0f0-6722-4240-b89d-7860a80ab4f5', 41, 5),
(204, 'c28ac0f0-6722-4240-b89d-7860a80ab4f5', 155, 6),
(205, 'c28ac0f0-6722-4240-b89d-7860a80ab4f5', 84, 7),
(206, 'c28ac0f0-6722-4240-b89d-7860a80ab4f5', 14, 8),
(207, 'c28ac0f0-6722-4240-b89d-7860a80ab4f5', 5, 9),
(208, 'c28ac0f0-6722-4240-b89d-7860a80ab4f5', 125, 10),
(209, 'c28ac0f0-6722-4240-b89d-7860a80ab4f5', 10, 11),
(210, 'c28ac0f0-6722-4240-b89d-7860a80ab4f5', 129, 12),
(211, 'c28ac0f0-6722-4240-b89d-7860a80ab4f5', 114, 13),
(212, 'c28ac0f0-6722-4240-b89d-7860a80ab4f5', 138, 14),
(213, 'c28ac0f0-6722-4240-b89d-7860a80ab4f5', 32, 15),
(214, 'c28ac0f0-6722-4240-b89d-7860a80ab4f5', 53, 16),
(215, 'c28ac0f0-6722-4240-b89d-7860a80ab4f5', 159, 17),
(216, 'c28ac0f0-6722-4240-b89d-7860a80ab4f5', 135, 18),
(217, 'c28ac0f0-6722-4240-b89d-7860a80ab4f5', 51, 19),
(218, 'c28ac0f0-6722-4240-b89d-7860a80ab4f5', 124, 20),
(219, '889dea39-6d84-40de-8a4d-b5b65508d954', 97, 1),
(220, '889dea39-6d84-40de-8a4d-b5b65508d954', 128, 2),
(221, '889dea39-6d84-40de-8a4d-b5b65508d954', 152, 3),
(222, '889dea39-6d84-40de-8a4d-b5b65508d954', 110, 4),
(223, '889dea39-6d84-40de-8a4d-b5b65508d954', 13, 5),
(224, '889dea39-6d84-40de-8a4d-b5b65508d954', 121, 6),
(225, '889dea39-6d84-40de-8a4d-b5b65508d954', 105, 7),
(226, '889dea39-6d84-40de-8a4d-b5b65508d954', 137, 8),
(227, '889dea39-6d84-40de-8a4d-b5b65508d954', 84, 9),
(228, '889dea39-6d84-40de-8a4d-b5b65508d954', 147, 10),
(229, '889dea39-6d84-40de-8a4d-b5b65508d954', 96, 11),
(230, '889dea39-6d84-40de-8a4d-b5b65508d954', 39, 12),
(231, '889dea39-6d84-40de-8a4d-b5b65508d954', 114, 13),
(232, '889dea39-6d84-40de-8a4d-b5b65508d954', 102, 14),
(233, '889dea39-6d84-40de-8a4d-b5b65508d954', 4, 15),
(234, '889dea39-6d84-40de-8a4d-b5b65508d954', 36, 16),
(235, '889dea39-6d84-40de-8a4d-b5b65508d954', 135, 17),
(236, '889dea39-6d84-40de-8a4d-b5b65508d954', 64, 18),
(237, '889dea39-6d84-40de-8a4d-b5b65508d954', 62, 19),
(238, '889dea39-6d84-40de-8a4d-b5b65508d954', 27, 20),
(239, '91da756a-af0c-4048-9e19-8f757c3a9c19', 28, 1),
(240, '91da756a-af0c-4048-9e19-8f757c3a9c19', 77, 2),
(241, '91da756a-af0c-4048-9e19-8f757c3a9c19', 82, 3),
(242, '91da756a-af0c-4048-9e19-8f757c3a9c19', 127, 4),
(243, '91da756a-af0c-4048-9e19-8f757c3a9c19', 52, 5),
(244, '91da756a-af0c-4048-9e19-8f757c3a9c19', 118, 6),
(245, '91da756a-af0c-4048-9e19-8f757c3a9c19', 144, 7),
(246, '91da756a-af0c-4048-9e19-8f757c3a9c19', 133, 8),
(247, '91da756a-af0c-4048-9e19-8f757c3a9c19', 37, 9),
(248, '91da756a-af0c-4048-9e19-8f757c3a9c19', 142, 10),
(249, '91da756a-af0c-4048-9e19-8f757c3a9c19', 41, 11),
(250, '91da756a-af0c-4048-9e19-8f757c3a9c19', 56, 12),
(251, '91da756a-af0c-4048-9e19-8f757c3a9c19', 31, 13),
(252, '91da756a-af0c-4048-9e19-8f757c3a9c19', 22, 14),
(253, '91da756a-af0c-4048-9e19-8f757c3a9c19', 73, 15),
(254, '91da756a-af0c-4048-9e19-8f757c3a9c19', 66, 16),
(255, '91da756a-af0c-4048-9e19-8f757c3a9c19', 16, 17),
(256, '91da756a-af0c-4048-9e19-8f757c3a9c19', 119, 18),
(257, '91da756a-af0c-4048-9e19-8f757c3a9c19', 131, 19),
(258, '91da756a-af0c-4048-9e19-8f757c3a9c19', 9, 20),
(259, '1b7c89a7-5939-45c6-8cf3-407e3402a0b4', 127, 1),
(260, '1b7c89a7-5939-45c6-8cf3-407e3402a0b4', 115, 2),
(261, '1b7c89a7-5939-45c6-8cf3-407e3402a0b4', 44, 3),
(262, '1b7c89a7-5939-45c6-8cf3-407e3402a0b4', 84, 4),
(263, '1b7c89a7-5939-45c6-8cf3-407e3402a0b4', 150, 5),
(264, '1b7c89a7-5939-45c6-8cf3-407e3402a0b4', 117, 6),
(265, '1b7c89a7-5939-45c6-8cf3-407e3402a0b4', 72, 7),
(266, '1b7c89a7-5939-45c6-8cf3-407e3402a0b4', 107, 8),
(267, '1b7c89a7-5939-45c6-8cf3-407e3402a0b4', 133, 9),
(268, '1b7c89a7-5939-45c6-8cf3-407e3402a0b4', 111, 10),
(269, '1b7c89a7-5939-45c6-8cf3-407e3402a0b4', 112, 11),
(270, '1b7c89a7-5939-45c6-8cf3-407e3402a0b4', 5, 12),
(271, '1b7c89a7-5939-45c6-8cf3-407e3402a0b4', 89, 13),
(272, '1b7c89a7-5939-45c6-8cf3-407e3402a0b4', 90, 14),
(273, '1b7c89a7-5939-45c6-8cf3-407e3402a0b4', 57, 15),
(274, '1b7c89a7-5939-45c6-8cf3-407e3402a0b4', 34, 16),
(275, '1b7c89a7-5939-45c6-8cf3-407e3402a0b4', 14, 17),
(276, '1b7c89a7-5939-45c6-8cf3-407e3402a0b4', 136, 18),
(277, '1b7c89a7-5939-45c6-8cf3-407e3402a0b4', 104, 19),
(278, '1b7c89a7-5939-45c6-8cf3-407e3402a0b4', 67, 20),
(279, 'f105c465-dcaf-4caf-9a06-c4a2e922532c', 120, 1),
(280, 'f105c465-dcaf-4caf-9a06-c4a2e922532c', 104, 2),
(281, 'f105c465-dcaf-4caf-9a06-c4a2e922532c', 112, 3),
(282, 'f105c465-dcaf-4caf-9a06-c4a2e922532c', 151, 4),
(283, 'f105c465-dcaf-4caf-9a06-c4a2e922532c', 62, 5),
(284, 'f105c465-dcaf-4caf-9a06-c4a2e922532c', 37, 6),
(285, 'f105c465-dcaf-4caf-9a06-c4a2e922532c', 67, 7),
(286, 'f105c465-dcaf-4caf-9a06-c4a2e922532c', 50, 8),
(287, 'f105c465-dcaf-4caf-9a06-c4a2e922532c', 57, 9),
(288, 'f105c465-dcaf-4caf-9a06-c4a2e922532c', 116, 10),
(289, 'f105c465-dcaf-4caf-9a06-c4a2e922532c', 1, 11),
(290, 'f105c465-dcaf-4caf-9a06-c4a2e922532c', 100, 12),
(291, 'f105c465-dcaf-4caf-9a06-c4a2e922532c', 128, 13),
(292, 'f105c465-dcaf-4caf-9a06-c4a2e922532c', 28, 14),
(293, 'f105c465-dcaf-4caf-9a06-c4a2e922532c', 132, 15),
(294, 'f105c465-dcaf-4caf-9a06-c4a2e922532c', 81, 16),
(295, 'f105c465-dcaf-4caf-9a06-c4a2e922532c', 5, 17),
(296, 'f105c465-dcaf-4caf-9a06-c4a2e922532c', 152, 18),
(297, 'f105c465-dcaf-4caf-9a06-c4a2e922532c', 33, 19),
(298, 'f105c465-dcaf-4caf-9a06-c4a2e922532c', 7, 20),
(299, '01297f18-dc86-4bd1-9219-86d6e2ca0fc3', 122, 1),
(300, '01297f18-dc86-4bd1-9219-86d6e2ca0fc3', 138, 2),
(301, '01297f18-dc86-4bd1-9219-86d6e2ca0fc3', 118, 3),
(302, '01297f18-dc86-4bd1-9219-86d6e2ca0fc3', 115, 4),
(303, '01297f18-dc86-4bd1-9219-86d6e2ca0fc3', 58, 5),
(304, '01297f18-dc86-4bd1-9219-86d6e2ca0fc3', 35, 6),
(305, '01297f18-dc86-4bd1-9219-86d6e2ca0fc3', 16, 7),
(306, '01297f18-dc86-4bd1-9219-86d6e2ca0fc3', 17, 8),
(307, '01297f18-dc86-4bd1-9219-86d6e2ca0fc3', 150, 9),
(308, '01297f18-dc86-4bd1-9219-86d6e2ca0fc3', 68, 10),
(309, '01297f18-dc86-4bd1-9219-86d6e2ca0fc3', 139, 11),
(310, '01297f18-dc86-4bd1-9219-86d6e2ca0fc3', 121, 12),
(311, '01297f18-dc86-4bd1-9219-86d6e2ca0fc3', 61, 13),
(312, '01297f18-dc86-4bd1-9219-86d6e2ca0fc3', 60, 14),
(313, '01297f18-dc86-4bd1-9219-86d6e2ca0fc3', 80, 15),
(314, '01297f18-dc86-4bd1-9219-86d6e2ca0fc3', 153, 16),
(315, '01297f18-dc86-4bd1-9219-86d6e2ca0fc3', 156, 17),
(316, '01297f18-dc86-4bd1-9219-86d6e2ca0fc3', 145, 18),
(317, '01297f18-dc86-4bd1-9219-86d6e2ca0fc3', 48, 19),
(318, '01297f18-dc86-4bd1-9219-86d6e2ca0fc3', 65, 20),
(319, 'ea100e30-b6ab-4240-92ce-4d97eaed69d3', 127, 1),
(320, 'ea100e30-b6ab-4240-92ce-4d97eaed69d3', 37, 2),
(321, 'ea100e30-b6ab-4240-92ce-4d97eaed69d3', 114, 3),
(322, 'ea100e30-b6ab-4240-92ce-4d97eaed69d3', 16, 4),
(323, 'ea100e30-b6ab-4240-92ce-4d97eaed69d3', 157, 5),
(324, 'ea100e30-b6ab-4240-92ce-4d97eaed69d3', 77, 6),
(325, 'ea100e30-b6ab-4240-92ce-4d97eaed69d3', 150, 7),
(326, 'ea100e30-b6ab-4240-92ce-4d97eaed69d3', 15, 8),
(327, 'ea100e30-b6ab-4240-92ce-4d97eaed69d3', 34, 9),
(328, 'ea100e30-b6ab-4240-92ce-4d97eaed69d3', 49, 10),
(329, 'ea100e30-b6ab-4240-92ce-4d97eaed69d3', 144, 11),
(330, 'ea100e30-b6ab-4240-92ce-4d97eaed69d3', 156, 12),
(331, 'ea100e30-b6ab-4240-92ce-4d97eaed69d3', 4, 13),
(332, 'ea100e30-b6ab-4240-92ce-4d97eaed69d3', 47, 14),
(333, 'ea100e30-b6ab-4240-92ce-4d97eaed69d3', 89, 15),
(334, 'ea100e30-b6ab-4240-92ce-4d97eaed69d3', 93, 16),
(335, 'ea100e30-b6ab-4240-92ce-4d97eaed69d3', 83, 17),
(336, 'ea100e30-b6ab-4240-92ce-4d97eaed69d3', 76, 18),
(337, 'ea100e30-b6ab-4240-92ce-4d97eaed69d3', 8, 19),
(338, 'ea100e30-b6ab-4240-92ce-4d97eaed69d3', 147, 20),
(339, '95af9a30-9891-4b90-98ac-69040f5646c5', 118, 1),
(340, '95af9a30-9891-4b90-98ac-69040f5646c5', 55, 2),
(341, '95af9a30-9891-4b90-98ac-69040f5646c5', 72, 3),
(342, '95af9a30-9891-4b90-98ac-69040f5646c5', 150, 4),
(343, '95af9a30-9891-4b90-98ac-69040f5646c5', 15, 5),
(344, '95af9a30-9891-4b90-98ac-69040f5646c5', 79, 6),
(345, '95af9a30-9891-4b90-98ac-69040f5646c5', 112, 7),
(346, '95af9a30-9891-4b90-98ac-69040f5646c5', 89, 8),
(347, '95af9a30-9891-4b90-98ac-69040f5646c5', 57, 9),
(348, '95af9a30-9891-4b90-98ac-69040f5646c5', 27, 10),
(349, '95af9a30-9891-4b90-98ac-69040f5646c5', 22, 11),
(350, '95af9a30-9891-4b90-98ac-69040f5646c5', 128, 12),
(351, '95af9a30-9891-4b90-98ac-69040f5646c5', 152, 13),
(352, '95af9a30-9891-4b90-98ac-69040f5646c5', 20, 14),
(353, '95af9a30-9891-4b90-98ac-69040f5646c5', 114, 15),
(354, '95af9a30-9891-4b90-98ac-69040f5646c5', 101, 16),
(355, '95af9a30-9891-4b90-98ac-69040f5646c5', 12, 17),
(356, '95af9a30-9891-4b90-98ac-69040f5646c5', 63, 18),
(357, '95af9a30-9891-4b90-98ac-69040f5646c5', 148, 19),
(358, '95af9a30-9891-4b90-98ac-69040f5646c5', 110, 20),
(359, '2fb08e4c-4193-4aba-9ad9-a4f8cbc4819f', 111, 1),
(360, '2fb08e4c-4193-4aba-9ad9-a4f8cbc4819f', 44, 2),
(361, '2fb08e4c-4193-4aba-9ad9-a4f8cbc4819f', 64, 3),
(362, '2fb08e4c-4193-4aba-9ad9-a4f8cbc4819f', 37, 4),
(363, '2fb08e4c-4193-4aba-9ad9-a4f8cbc4819f', 34, 5),
(364, '2fb08e4c-4193-4aba-9ad9-a4f8cbc4819f', 102, 6),
(365, '2fb08e4c-4193-4aba-9ad9-a4f8cbc4819f', 118, 7),
(366, '2fb08e4c-4193-4aba-9ad9-a4f8cbc4819f', 16, 8),
(367, '2fb08e4c-4193-4aba-9ad9-a4f8cbc4819f', 86, 9),
(368, '2fb08e4c-4193-4aba-9ad9-a4f8cbc4819f', 143, 10),
(369, '2fb08e4c-4193-4aba-9ad9-a4f8cbc4819f', 40, 11),
(370, '2fb08e4c-4193-4aba-9ad9-a4f8cbc4819f', 7, 12),
(371, '2fb08e4c-4193-4aba-9ad9-a4f8cbc4819f', 3, 13),
(372, '2fb08e4c-4193-4aba-9ad9-a4f8cbc4819f', 158, 14),
(373, '2fb08e4c-4193-4aba-9ad9-a4f8cbc4819f', 144, 15),
(374, '2fb08e4c-4193-4aba-9ad9-a4f8cbc4819f', 89, 16),
(375, '2fb08e4c-4193-4aba-9ad9-a4f8cbc4819f', 38, 17),
(376, '2fb08e4c-4193-4aba-9ad9-a4f8cbc4819f', 74, 18),
(377, '2fb08e4c-4193-4aba-9ad9-a4f8cbc4819f', 80, 19),
(378, '2fb08e4c-4193-4aba-9ad9-a4f8cbc4819f', 91, 20),
(379, 'b38d4cde-d2a9-43e7-bfe8-47408781dc92', 33, 1),
(380, 'b38d4cde-d2a9-43e7-bfe8-47408781dc92', 158, 2),
(381, 'b38d4cde-d2a9-43e7-bfe8-47408781dc92', 115, 3),
(382, 'b38d4cde-d2a9-43e7-bfe8-47408781dc92', 73, 4),
(383, 'b38d4cde-d2a9-43e7-bfe8-47408781dc92', 3, 5),
(384, 'b38d4cde-d2a9-43e7-bfe8-47408781dc92', 151, 6),
(385, 'b38d4cde-d2a9-43e7-bfe8-47408781dc92', 17, 7),
(386, 'b38d4cde-d2a9-43e7-bfe8-47408781dc92', 63, 8),
(387, 'b38d4cde-d2a9-43e7-bfe8-47408781dc92', 153, 9),
(388, 'b38d4cde-d2a9-43e7-bfe8-47408781dc92', 48, 10),
(389, 'b38d4cde-d2a9-43e7-bfe8-47408781dc92', 52, 11),
(390, 'b38d4cde-d2a9-43e7-bfe8-47408781dc92', 47, 12),
(391, 'b38d4cde-d2a9-43e7-bfe8-47408781dc92', 142, 13),
(392, 'b38d4cde-d2a9-43e7-bfe8-47408781dc92', 8, 14),
(393, 'b38d4cde-d2a9-43e7-bfe8-47408781dc92', 68, 15),
(394, 'b38d4cde-d2a9-43e7-bfe8-47408781dc92', 32, 16),
(395, 'b38d4cde-d2a9-43e7-bfe8-47408781dc92', 54, 17),
(396, 'b38d4cde-d2a9-43e7-bfe8-47408781dc92', 145, 18),
(397, 'b38d4cde-d2a9-43e7-bfe8-47408781dc92', 41, 19),
(398, 'b38d4cde-d2a9-43e7-bfe8-47408781dc92', 49, 20),
(399, '6c3ad08a-972a-483b-ab5f-16984bfb36ba', 50, 1),
(400, '6c3ad08a-972a-483b-ab5f-16984bfb36ba', 36, 2),
(401, '6c3ad08a-972a-483b-ab5f-16984bfb36ba', 51, 3),
(402, '6c3ad08a-972a-483b-ab5f-16984bfb36ba', 127, 4),
(403, '6c3ad08a-972a-483b-ab5f-16984bfb36ba', 49, 5),
(404, '6c3ad08a-972a-483b-ab5f-16984bfb36ba', 52, 6),
(405, '6c3ad08a-972a-483b-ab5f-16984bfb36ba', 108, 7),
(406, '6c3ad08a-972a-483b-ab5f-16984bfb36ba', 30, 8),
(407, '6c3ad08a-972a-483b-ab5f-16984bfb36ba', 1, 9),
(408, '6c3ad08a-972a-483b-ab5f-16984bfb36ba', 95, 10),
(409, '6c3ad08a-972a-483b-ab5f-16984bfb36ba', 6, 11),
(410, '6c3ad08a-972a-483b-ab5f-16984bfb36ba', 25, 12),
(411, '6c3ad08a-972a-483b-ab5f-16984bfb36ba', 35, 13),
(412, '6c3ad08a-972a-483b-ab5f-16984bfb36ba', 101, 14),
(413, '6c3ad08a-972a-483b-ab5f-16984bfb36ba', 145, 15),
(414, '6c3ad08a-972a-483b-ab5f-16984bfb36ba', 126, 16),
(415, '6c3ad08a-972a-483b-ab5f-16984bfb36ba', 53, 17),
(416, '6c3ad08a-972a-483b-ab5f-16984bfb36ba', 77, 18),
(417, '6c3ad08a-972a-483b-ab5f-16984bfb36ba', 92, 19),
(418, '6c3ad08a-972a-483b-ab5f-16984bfb36ba', 78, 20),
(419, '1497f809-7dd8-457a-9aa8-ffaa299736b4', 19, 1),
(420, '1497f809-7dd8-457a-9aa8-ffaa299736b4', 30, 2),
(421, '1497f809-7dd8-457a-9aa8-ffaa299736b4', 101, 3),
(422, '1497f809-7dd8-457a-9aa8-ffaa299736b4', 74, 4),
(423, '1497f809-7dd8-457a-9aa8-ffaa299736b4', 35, 5),
(424, '1497f809-7dd8-457a-9aa8-ffaa299736b4', 159, 6),
(425, '1497f809-7dd8-457a-9aa8-ffaa299736b4', 154, 7),
(426, '1497f809-7dd8-457a-9aa8-ffaa299736b4', 50, 8),
(427, '1497f809-7dd8-457a-9aa8-ffaa299736b4', 55, 9),
(428, '1497f809-7dd8-457a-9aa8-ffaa299736b4', 48, 10),
(429, '1497f809-7dd8-457a-9aa8-ffaa299736b4', 116, 11),
(430, '1497f809-7dd8-457a-9aa8-ffaa299736b4', 141, 12),
(431, '1497f809-7dd8-457a-9aa8-ffaa299736b4', 136, 13),
(432, '1497f809-7dd8-457a-9aa8-ffaa299736b4', 126, 14),
(433, '1497f809-7dd8-457a-9aa8-ffaa299736b4', 125, 15),
(434, '1497f809-7dd8-457a-9aa8-ffaa299736b4', 127, 16),
(435, '1497f809-7dd8-457a-9aa8-ffaa299736b4', 89, 17),
(436, '1497f809-7dd8-457a-9aa8-ffaa299736b4', 4, 18),
(437, '1497f809-7dd8-457a-9aa8-ffaa299736b4', 83, 19),
(438, '1497f809-7dd8-457a-9aa8-ffaa299736b4', 45, 20),
(439, '8344203f-8eaf-4a0c-af23-02798e24bf5c', 58, 1),
(440, '8344203f-8eaf-4a0c-af23-02798e24bf5c', 82, 2),
(441, '8344203f-8eaf-4a0c-af23-02798e24bf5c', 123, 3),
(442, '8344203f-8eaf-4a0c-af23-02798e24bf5c', 69, 4),
(443, '8344203f-8eaf-4a0c-af23-02798e24bf5c', 11, 5),
(444, '8344203f-8eaf-4a0c-af23-02798e24bf5c', 21, 6),
(445, '8344203f-8eaf-4a0c-af23-02798e24bf5c', 9, 7),
(446, '8344203f-8eaf-4a0c-af23-02798e24bf5c', 124, 8),
(447, '8344203f-8eaf-4a0c-af23-02798e24bf5c', 132, 9),
(448, '8344203f-8eaf-4a0c-af23-02798e24bf5c', 7, 10),
(449, '8344203f-8eaf-4a0c-af23-02798e24bf5c', 156, 11),
(450, '8344203f-8eaf-4a0c-af23-02798e24bf5c', 117, 12),
(451, '8344203f-8eaf-4a0c-af23-02798e24bf5c', 91, 13),
(452, '8344203f-8eaf-4a0c-af23-02798e24bf5c', 127, 14),
(453, '8344203f-8eaf-4a0c-af23-02798e24bf5c', 80, 15),
(454, '8344203f-8eaf-4a0c-af23-02798e24bf5c', 43, 16),
(455, '8344203f-8eaf-4a0c-af23-02798e24bf5c', 2, 17),
(456, '8344203f-8eaf-4a0c-af23-02798e24bf5c', 108, 18),
(457, '8344203f-8eaf-4a0c-af23-02798e24bf5c', 14, 19),
(458, '8344203f-8eaf-4a0c-af23-02798e24bf5c', 104, 20),
(459, 'd1d258d7-f8a7-4d05-aa3f-4ccefce65f10', 84, 1),
(460, 'd1d258d7-f8a7-4d05-aa3f-4ccefce65f10', 157, 2),
(461, 'd1d258d7-f8a7-4d05-aa3f-4ccefce65f10', 26, 3),
(462, 'd1d258d7-f8a7-4d05-aa3f-4ccefce65f10', 17, 4),
(463, 'd1d258d7-f8a7-4d05-aa3f-4ccefce65f10', 89, 5),
(464, 'd1d258d7-f8a7-4d05-aa3f-4ccefce65f10', 77, 6),
(465, 'd1d258d7-f8a7-4d05-aa3f-4ccefce65f10', 160, 7),
(466, 'd1d258d7-f8a7-4d05-aa3f-4ccefce65f10', 20, 8),
(467, 'd1d258d7-f8a7-4d05-aa3f-4ccefce65f10', 141, 9),
(468, 'd1d258d7-f8a7-4d05-aa3f-4ccefce65f10', 113, 10),
(469, 'd1d258d7-f8a7-4d05-aa3f-4ccefce65f10', 76, 11),
(470, 'd1d258d7-f8a7-4d05-aa3f-4ccefce65f10', 74, 12),
(471, 'd1d258d7-f8a7-4d05-aa3f-4ccefce65f10', 125, 13),
(472, 'd1d258d7-f8a7-4d05-aa3f-4ccefce65f10', 118, 14),
(473, 'd1d258d7-f8a7-4d05-aa3f-4ccefce65f10', 38, 15),
(474, 'd1d258d7-f8a7-4d05-aa3f-4ccefce65f10', 88, 16),
(475, 'd1d258d7-f8a7-4d05-aa3f-4ccefce65f10', 155, 17),
(476, 'd1d258d7-f8a7-4d05-aa3f-4ccefce65f10', 150, 18),
(477, 'd1d258d7-f8a7-4d05-aa3f-4ccefce65f10', 151, 19),
(478, 'd1d258d7-f8a7-4d05-aa3f-4ccefce65f10', 135, 20),
(479, '3fb8f24c-9fc1-4b17-a9b9-6476439324bf', 38, 1),
(480, '3fb8f24c-9fc1-4b17-a9b9-6476439324bf', 37, 2),
(481, '3fb8f24c-9fc1-4b17-a9b9-6476439324bf', 159, 3),
(482, '3fb8f24c-9fc1-4b17-a9b9-6476439324bf', 36, 4),
(483, '3fb8f24c-9fc1-4b17-a9b9-6476439324bf', 39, 5),
(484, '3fb8f24c-9fc1-4b17-a9b9-6476439324bf', 86, 6),
(485, '3fb8f24c-9fc1-4b17-a9b9-6476439324bf', 77, 7),
(486, '3fb8f24c-9fc1-4b17-a9b9-6476439324bf', 59, 8),
(487, '3fb8f24c-9fc1-4b17-a9b9-6476439324bf', 64, 9),
(488, '3fb8f24c-9fc1-4b17-a9b9-6476439324bf', 87, 10),
(489, '3fb8f24c-9fc1-4b17-a9b9-6476439324bf', 50, 11),
(490, '3fb8f24c-9fc1-4b17-a9b9-6476439324bf', 69, 12),
(491, '3fb8f24c-9fc1-4b17-a9b9-6476439324bf', 72, 13),
(492, '3fb8f24c-9fc1-4b17-a9b9-6476439324bf', 117, 14),
(493, '3fb8f24c-9fc1-4b17-a9b9-6476439324bf', 23, 15),
(494, '3fb8f24c-9fc1-4b17-a9b9-6476439324bf', 40, 16),
(495, '3fb8f24c-9fc1-4b17-a9b9-6476439324bf', 142, 17),
(496, '3fb8f24c-9fc1-4b17-a9b9-6476439324bf', 18, 18),
(497, '3fb8f24c-9fc1-4b17-a9b9-6476439324bf', 105, 19),
(498, '3fb8f24c-9fc1-4b17-a9b9-6476439324bf', 45, 20),
(499, '48aee063-ecaa-4aa0-9344-bc1a0074b54a', 69, 1),
(500, '48aee063-ecaa-4aa0-9344-bc1a0074b54a', 12, 2),
(501, '48aee063-ecaa-4aa0-9344-bc1a0074b54a', 88, 3),
(502, '48aee063-ecaa-4aa0-9344-bc1a0074b54a', 135, 4),
(503, '48aee063-ecaa-4aa0-9344-bc1a0074b54a', 25, 5),
(504, '48aee063-ecaa-4aa0-9344-bc1a0074b54a', 152, 6),
(505, '48aee063-ecaa-4aa0-9344-bc1a0074b54a', 13, 7),
(506, '48aee063-ecaa-4aa0-9344-bc1a0074b54a', 64, 8),
(507, '48aee063-ecaa-4aa0-9344-bc1a0074b54a', 1, 9),
(508, '48aee063-ecaa-4aa0-9344-bc1a0074b54a', 5, 10),
(509, '48aee063-ecaa-4aa0-9344-bc1a0074b54a', 130, 11),
(510, '48aee063-ecaa-4aa0-9344-bc1a0074b54a', 112, 12),
(511, '48aee063-ecaa-4aa0-9344-bc1a0074b54a', 103, 13),
(512, '48aee063-ecaa-4aa0-9344-bc1a0074b54a', 43, 14),
(513, '48aee063-ecaa-4aa0-9344-bc1a0074b54a', 35, 15),
(514, '48aee063-ecaa-4aa0-9344-bc1a0074b54a', 85, 16),
(515, '48aee063-ecaa-4aa0-9344-bc1a0074b54a', 136, 17),
(516, '48aee063-ecaa-4aa0-9344-bc1a0074b54a', 115, 18),
(517, '48aee063-ecaa-4aa0-9344-bc1a0074b54a', 127, 19),
(518, '48aee063-ecaa-4aa0-9344-bc1a0074b54a', 143, 20),
(519, '68c45fe5-f14d-45ef-b5ef-6235b5f697fa', 110, 1),
(520, '68c45fe5-f14d-45ef-b5ef-6235b5f697fa', 61, 2),
(521, '68c45fe5-f14d-45ef-b5ef-6235b5f697fa', 22, 3),
(522, '68c45fe5-f14d-45ef-b5ef-6235b5f697fa', 86, 4),
(523, '68c45fe5-f14d-45ef-b5ef-6235b5f697fa', 6, 5),
(524, '68c45fe5-f14d-45ef-b5ef-6235b5f697fa', 23, 6),
(525, '68c45fe5-f14d-45ef-b5ef-6235b5f697fa', 108, 7),
(526, '68c45fe5-f14d-45ef-b5ef-6235b5f697fa', 45, 8),
(527, '68c45fe5-f14d-45ef-b5ef-6235b5f697fa', 50, 9),
(528, '68c45fe5-f14d-45ef-b5ef-6235b5f697fa', 54, 10),
(529, '68c45fe5-f14d-45ef-b5ef-6235b5f697fa', 127, 11),
(530, '68c45fe5-f14d-45ef-b5ef-6235b5f697fa', 137, 12),
(531, '68c45fe5-f14d-45ef-b5ef-6235b5f697fa', 35, 13),
(532, '68c45fe5-f14d-45ef-b5ef-6235b5f697fa', 55, 14),
(533, '68c45fe5-f14d-45ef-b5ef-6235b5f697fa', 135, 15),
(534, '68c45fe5-f14d-45ef-b5ef-6235b5f697fa', 114, 16),
(535, '68c45fe5-f14d-45ef-b5ef-6235b5f697fa', 124, 17),
(536, '68c45fe5-f14d-45ef-b5ef-6235b5f697fa', 117, 18),
(537, '68c45fe5-f14d-45ef-b5ef-6235b5f697fa', 91, 19),
(538, '68c45fe5-f14d-45ef-b5ef-6235b5f697fa', 128, 20),
(539, 'daa691c4-1f7f-4fc4-b56a-fb1a9f3fa094', 40, 1),
(540, 'daa691c4-1f7f-4fc4-b56a-fb1a9f3fa094', 24, 2),
(541, 'daa691c4-1f7f-4fc4-b56a-fb1a9f3fa094', 52, 3),
(542, 'daa691c4-1f7f-4fc4-b56a-fb1a9f3fa094', 157, 4),
(543, 'daa691c4-1f7f-4fc4-b56a-fb1a9f3fa094', 77, 5),
(544, 'daa691c4-1f7f-4fc4-b56a-fb1a9f3fa094', 6, 6),
(545, 'daa691c4-1f7f-4fc4-b56a-fb1a9f3fa094', 49, 7),
(546, 'daa691c4-1f7f-4fc4-b56a-fb1a9f3fa094', 56, 8),
(547, 'daa691c4-1f7f-4fc4-b56a-fb1a9f3fa094', 129, 9),
(548, 'daa691c4-1f7f-4fc4-b56a-fb1a9f3fa094', 69, 10),
(549, 'daa691c4-1f7f-4fc4-b56a-fb1a9f3fa094', 121, 11),
(550, 'daa691c4-1f7f-4fc4-b56a-fb1a9f3fa094', 88, 12),
(551, 'daa691c4-1f7f-4fc4-b56a-fb1a9f3fa094', 51, 13),
(552, 'daa691c4-1f7f-4fc4-b56a-fb1a9f3fa094', 38, 14),
(553, 'daa691c4-1f7f-4fc4-b56a-fb1a9f3fa094', 75, 15),
(554, 'daa691c4-1f7f-4fc4-b56a-fb1a9f3fa094', 58, 16),
(555, 'daa691c4-1f7f-4fc4-b56a-fb1a9f3fa094', 155, 17),
(556, 'daa691c4-1f7f-4fc4-b56a-fb1a9f3fa094', 59, 18),
(557, 'daa691c4-1f7f-4fc4-b56a-fb1a9f3fa094', 14, 19),
(558, 'daa691c4-1f7f-4fc4-b56a-fb1a9f3fa094', 106, 20),
(559, '6e1da613-e407-4121-a3ba-2545ef9770f6', 118, 1),
(560, '6e1da613-e407-4121-a3ba-2545ef9770f6', 1, 2),
(561, '6e1da613-e407-4121-a3ba-2545ef9770f6', 101, 3),
(562, '6e1da613-e407-4121-a3ba-2545ef9770f6', 68, 4),
(563, '6e1da613-e407-4121-a3ba-2545ef9770f6', 55, 5),
(564, '6e1da613-e407-4121-a3ba-2545ef9770f6', 39, 6),
(565, '6e1da613-e407-4121-a3ba-2545ef9770f6', 145, 7),
(566, '6e1da613-e407-4121-a3ba-2545ef9770f6', 100, 8),
(567, '6e1da613-e407-4121-a3ba-2545ef9770f6', 89, 9),
(568, '6e1da613-e407-4121-a3ba-2545ef9770f6', 152, 10),
(569, '6e1da613-e407-4121-a3ba-2545ef9770f6', 83, 11),
(570, '6e1da613-e407-4121-a3ba-2545ef9770f6', 57, 12),
(571, '6e1da613-e407-4121-a3ba-2545ef9770f6', 6, 13),
(572, '6e1da613-e407-4121-a3ba-2545ef9770f6', 104, 14),
(573, '6e1da613-e407-4121-a3ba-2545ef9770f6', 63, 15),
(574, '6e1da613-e407-4121-a3ba-2545ef9770f6', 3, 16),
(575, '6e1da613-e407-4121-a3ba-2545ef9770f6', 59, 17),
(576, '6e1da613-e407-4121-a3ba-2545ef9770f6', 79, 18),
(577, '6e1da613-e407-4121-a3ba-2545ef9770f6', 25, 19),
(578, '6e1da613-e407-4121-a3ba-2545ef9770f6', 43, 20),
(579, '02d1241b-d1fb-4a73-9f62-c2ae84820274', 144, 1),
(580, '02d1241b-d1fb-4a73-9f62-c2ae84820274', 83, 2),
(581, '02d1241b-d1fb-4a73-9f62-c2ae84820274', 31, 3),
(582, '02d1241b-d1fb-4a73-9f62-c2ae84820274', 118, 4),
(583, '02d1241b-d1fb-4a73-9f62-c2ae84820274', 63, 5),
(584, '02d1241b-d1fb-4a73-9f62-c2ae84820274', 111, 6),
(585, '02d1241b-d1fb-4a73-9f62-c2ae84820274', 117, 7),
(586, '02d1241b-d1fb-4a73-9f62-c2ae84820274', 159, 8),
(587, '02d1241b-d1fb-4a73-9f62-c2ae84820274', 126, 9),
(588, '02d1241b-d1fb-4a73-9f62-c2ae84820274', 129, 10),
(589, '02d1241b-d1fb-4a73-9f62-c2ae84820274', 119, 11),
(590, '02d1241b-d1fb-4a73-9f62-c2ae84820274', 20, 12),
(591, '02d1241b-d1fb-4a73-9f62-c2ae84820274', 94, 13),
(592, '02d1241b-d1fb-4a73-9f62-c2ae84820274', 3, 14),
(593, '02d1241b-d1fb-4a73-9f62-c2ae84820274', 32, 15),
(594, '02d1241b-d1fb-4a73-9f62-c2ae84820274', 100, 16),
(595, '02d1241b-d1fb-4a73-9f62-c2ae84820274', 48, 17),
(596, '02d1241b-d1fb-4a73-9f62-c2ae84820274', 128, 18),
(597, '02d1241b-d1fb-4a73-9f62-c2ae84820274', 57, 19),
(598, '02d1241b-d1fb-4a73-9f62-c2ae84820274', 104, 20),
(599, '66c42068-91c6-4d7a-b1f1-4904ad34e92b', 131, 1),
(600, '66c42068-91c6-4d7a-b1f1-4904ad34e92b', 83, 2),
(601, '66c42068-91c6-4d7a-b1f1-4904ad34e92b', 82, 3),
(602, '66c42068-91c6-4d7a-b1f1-4904ad34e92b', 114, 4),
(603, '66c42068-91c6-4d7a-b1f1-4904ad34e92b', 110, 5),
(604, '66c42068-91c6-4d7a-b1f1-4904ad34e92b', 96, 6),
(605, '66c42068-91c6-4d7a-b1f1-4904ad34e92b', 15, 7),
(606, '66c42068-91c6-4d7a-b1f1-4904ad34e92b', 98, 8),
(607, '66c42068-91c6-4d7a-b1f1-4904ad34e92b', 21, 9),
(608, '66c42068-91c6-4d7a-b1f1-4904ad34e92b', 132, 10),
(609, '66c42068-91c6-4d7a-b1f1-4904ad34e92b', 139, 11),
(610, '66c42068-91c6-4d7a-b1f1-4904ad34e92b', 123, 12),
(611, '66c42068-91c6-4d7a-b1f1-4904ad34e92b', 50, 13),
(612, '66c42068-91c6-4d7a-b1f1-4904ad34e92b', 13, 14),
(613, '66c42068-91c6-4d7a-b1f1-4904ad34e92b', 41, 15),
(614, '66c42068-91c6-4d7a-b1f1-4904ad34e92b', 53, 16),
(615, '66c42068-91c6-4d7a-b1f1-4904ad34e92b', 28, 17),
(616, '66c42068-91c6-4d7a-b1f1-4904ad34e92b', 76, 18),
(617, '66c42068-91c6-4d7a-b1f1-4904ad34e92b', 17, 19),
(618, '66c42068-91c6-4d7a-b1f1-4904ad34e92b', 122, 20),
(619, '13067488-d1cc-44b7-bb8f-5d0f45a662de', 40, 1),
(620, '13067488-d1cc-44b7-bb8f-5d0f45a662de', 23, 2),
(621, '13067488-d1cc-44b7-bb8f-5d0f45a662de', 144, 3),
(622, '13067488-d1cc-44b7-bb8f-5d0f45a662de', 68, 4),
(623, '13067488-d1cc-44b7-bb8f-5d0f45a662de', 156, 5),
(624, '13067488-d1cc-44b7-bb8f-5d0f45a662de', 123, 6),
(625, '13067488-d1cc-44b7-bb8f-5d0f45a662de', 88, 7),
(626, '13067488-d1cc-44b7-bb8f-5d0f45a662de', 115, 8),
(627, '13067488-d1cc-44b7-bb8f-5d0f45a662de', 74, 9),
(628, '13067488-d1cc-44b7-bb8f-5d0f45a662de', 20, 10),
(629, '13067488-d1cc-44b7-bb8f-5d0f45a662de', 142, 11),
(630, '13067488-d1cc-44b7-bb8f-5d0f45a662de', 80, 12),
(631, '13067488-d1cc-44b7-bb8f-5d0f45a662de', 62, 13),
(632, '13067488-d1cc-44b7-bb8f-5d0f45a662de', 41, 14),
(633, '13067488-d1cc-44b7-bb8f-5d0f45a662de', 134, 15),
(634, '13067488-d1cc-44b7-bb8f-5d0f45a662de', 108, 16),
(635, '13067488-d1cc-44b7-bb8f-5d0f45a662de', 155, 17),
(636, '13067488-d1cc-44b7-bb8f-5d0f45a662de', 69, 18),
(637, '13067488-d1cc-44b7-bb8f-5d0f45a662de', 131, 19),
(638, '13067488-d1cc-44b7-bb8f-5d0f45a662de', 110, 20),
(639, '44006a55-da22-4030-bed8-27781aefa96a', 36, 1),
(640, '44006a55-da22-4030-bed8-27781aefa96a', 137, 2),
(641, '44006a55-da22-4030-bed8-27781aefa96a', 69, 3),
(642, '44006a55-da22-4030-bed8-27781aefa96a', 72, 4),
(643, '44006a55-da22-4030-bed8-27781aefa96a', 61, 5),
(644, '44006a55-da22-4030-bed8-27781aefa96a', 85, 6),
(645, '44006a55-da22-4030-bed8-27781aefa96a', 101, 7),
(646, '44006a55-da22-4030-bed8-27781aefa96a', 160, 8),
(647, '44006a55-da22-4030-bed8-27781aefa96a', 108, 9),
(648, '44006a55-da22-4030-bed8-27781aefa96a', 12, 10),
(649, '44006a55-da22-4030-bed8-27781aefa96a', 96, 11),
(650, '44006a55-da22-4030-bed8-27781aefa96a', 57, 12),
(651, '44006a55-da22-4030-bed8-27781aefa96a', 159, 13),
(652, '44006a55-da22-4030-bed8-27781aefa96a', 124, 14),
(653, '44006a55-da22-4030-bed8-27781aefa96a', 68, 15),
(654, '44006a55-da22-4030-bed8-27781aefa96a', 65, 16),
(655, '44006a55-da22-4030-bed8-27781aefa96a', 120, 17),
(656, '44006a55-da22-4030-bed8-27781aefa96a', 39, 18),
(657, '44006a55-da22-4030-bed8-27781aefa96a', 10, 19),
(658, '44006a55-da22-4030-bed8-27781aefa96a', 40, 20),
(659, 'c0be75ab-f32d-4eb5-8c5c-9e5c25a9c55b', 34, 1),
(660, 'c0be75ab-f32d-4eb5-8c5c-9e5c25a9c55b', 156, 2),
(661, 'c0be75ab-f32d-4eb5-8c5c-9e5c25a9c55b', 65, 3),
(662, 'c0be75ab-f32d-4eb5-8c5c-9e5c25a9c55b', 121, 4),
(663, 'c0be75ab-f32d-4eb5-8c5c-9e5c25a9c55b', 84, 5),
(664, 'c0be75ab-f32d-4eb5-8c5c-9e5c25a9c55b', 134, 6),
(665, 'c0be75ab-f32d-4eb5-8c5c-9e5c25a9c55b', 52, 7),
(666, 'c0be75ab-f32d-4eb5-8c5c-9e5c25a9c55b', 153, 8),
(667, 'c0be75ab-f32d-4eb5-8c5c-9e5c25a9c55b', 136, 9),
(668, 'c0be75ab-f32d-4eb5-8c5c-9e5c25a9c55b', 132, 10),
(669, 'c0be75ab-f32d-4eb5-8c5c-9e5c25a9c55b', 18, 11),
(670, 'c0be75ab-f32d-4eb5-8c5c-9e5c25a9c55b', 53, 12),
(671, 'c0be75ab-f32d-4eb5-8c5c-9e5c25a9c55b', 21, 13),
(672, 'c0be75ab-f32d-4eb5-8c5c-9e5c25a9c55b', 31, 14),
(673, 'c0be75ab-f32d-4eb5-8c5c-9e5c25a9c55b', 11, 15),
(674, 'c0be75ab-f32d-4eb5-8c5c-9e5c25a9c55b', 62, 16),
(675, 'c0be75ab-f32d-4eb5-8c5c-9e5c25a9c55b', 76, 17),
(676, 'c0be75ab-f32d-4eb5-8c5c-9e5c25a9c55b', 30, 18),
(677, 'c0be75ab-f32d-4eb5-8c5c-9e5c25a9c55b', 117, 19),
(678, 'c0be75ab-f32d-4eb5-8c5c-9e5c25a9c55b', 83, 20),
(679, '94da13eb-6ea9-4cea-8e1f-7899ffe9721d', 18, 1),
(680, '94da13eb-6ea9-4cea-8e1f-7899ffe9721d', 55, 2),
(681, '94da13eb-6ea9-4cea-8e1f-7899ffe9721d', 22, 3),
(682, '94da13eb-6ea9-4cea-8e1f-7899ffe9721d', 4, 4),
(683, '94da13eb-6ea9-4cea-8e1f-7899ffe9721d', 73, 5),
(684, '94da13eb-6ea9-4cea-8e1f-7899ffe9721d', 53, 6),
(685, '94da13eb-6ea9-4cea-8e1f-7899ffe9721d', 9, 7),
(686, '94da13eb-6ea9-4cea-8e1f-7899ffe9721d', 85, 8),
(687, '94da13eb-6ea9-4cea-8e1f-7899ffe9721d', 67, 9),
(688, '94da13eb-6ea9-4cea-8e1f-7899ffe9721d', 136, 10),
(689, '94da13eb-6ea9-4cea-8e1f-7899ffe9721d', 151, 11),
(690, '94da13eb-6ea9-4cea-8e1f-7899ffe9721d', 62, 12),
(691, '94da13eb-6ea9-4cea-8e1f-7899ffe9721d', 75, 13),
(692, '94da13eb-6ea9-4cea-8e1f-7899ffe9721d', 104, 14),
(693, '94da13eb-6ea9-4cea-8e1f-7899ffe9721d', 61, 15),
(694, '94da13eb-6ea9-4cea-8e1f-7899ffe9721d', 46, 16),
(695, '94da13eb-6ea9-4cea-8e1f-7899ffe9721d', 140, 17),
(696, '94da13eb-6ea9-4cea-8e1f-7899ffe9721d', 133, 18),
(697, '94da13eb-6ea9-4cea-8e1f-7899ffe9721d', 47, 19),
(698, '94da13eb-6ea9-4cea-8e1f-7899ffe9721d', 23, 20),
(699, '823c1d8a-5672-4198-9545-b3d91241aed4', 128, 1),
(700, '823c1d8a-5672-4198-9545-b3d91241aed4', 27, 2),
(701, '823c1d8a-5672-4198-9545-b3d91241aed4', 7, 3),
(702, '823c1d8a-5672-4198-9545-b3d91241aed4', 1, 4),
(703, '823c1d8a-5672-4198-9545-b3d91241aed4', 107, 5),
(704, '823c1d8a-5672-4198-9545-b3d91241aed4', 20, 6),
(705, '823c1d8a-5672-4198-9545-b3d91241aed4', 83, 7),
(706, '823c1d8a-5672-4198-9545-b3d91241aed4', 68, 8),
(707, '823c1d8a-5672-4198-9545-b3d91241aed4', 112, 9),
(708, '823c1d8a-5672-4198-9545-b3d91241aed4', 121, 10),
(709, '823c1d8a-5672-4198-9545-b3d91241aed4', 34, 11),
(710, '823c1d8a-5672-4198-9545-b3d91241aed4', 58, 12),
(711, '823c1d8a-5672-4198-9545-b3d91241aed4', 116, 13),
(712, '823c1d8a-5672-4198-9545-b3d91241aed4', 136, 14),
(713, '823c1d8a-5672-4198-9545-b3d91241aed4', 8, 15),
(714, '823c1d8a-5672-4198-9545-b3d91241aed4', 75, 16),
(715, '823c1d8a-5672-4198-9545-b3d91241aed4', 137, 17),
(716, '823c1d8a-5672-4198-9545-b3d91241aed4', 81, 18),
(717, '823c1d8a-5672-4198-9545-b3d91241aed4', 5, 19),
(718, '823c1d8a-5672-4198-9545-b3d91241aed4', 105, 20),
(719, '4e01502c-dda7-44fb-992c-739a972e5f0f', 134, 1),
(720, '4e01502c-dda7-44fb-992c-739a972e5f0f', 86, 2),
(721, '4e01502c-dda7-44fb-992c-739a972e5f0f', 49, 3),
(722, '4e01502c-dda7-44fb-992c-739a972e5f0f', 78, 4),
(723, '4e01502c-dda7-44fb-992c-739a972e5f0f', 128, 5),
(724, '4e01502c-dda7-44fb-992c-739a972e5f0f', 23, 6),
(725, '4e01502c-dda7-44fb-992c-739a972e5f0f', 53, 7),
(726, '4e01502c-dda7-44fb-992c-739a972e5f0f', 101, 8),
(727, '4e01502c-dda7-44fb-992c-739a972e5f0f', 14, 9),
(728, '4e01502c-dda7-44fb-992c-739a972e5f0f', 45, 10),
(729, '4e01502c-dda7-44fb-992c-739a972e5f0f', 68, 11),
(730, '4e01502c-dda7-44fb-992c-739a972e5f0f', 8, 12),
(731, '4e01502c-dda7-44fb-992c-739a972e5f0f', 99, 13),
(732, '4e01502c-dda7-44fb-992c-739a972e5f0f', 71, 14),
(733, '4e01502c-dda7-44fb-992c-739a972e5f0f', 34, 15),
(734, '4e01502c-dda7-44fb-992c-739a972e5f0f', 125, 16),
(735, '4e01502c-dda7-44fb-992c-739a972e5f0f', 73, 17),
(736, '4e01502c-dda7-44fb-992c-739a972e5f0f', 22, 18),
(737, '4e01502c-dda7-44fb-992c-739a972e5f0f', 142, 19),
(738, '4e01502c-dda7-44fb-992c-739a972e5f0f', 153, 20),
(739, '39a3a7ef-a0ff-448e-80f2-635ca531a362', 122, 1),
(740, '39a3a7ef-a0ff-448e-80f2-635ca531a362', 158, 2),
(741, '39a3a7ef-a0ff-448e-80f2-635ca531a362', 46, 3),
(742, '39a3a7ef-a0ff-448e-80f2-635ca531a362', 107, 4),
(743, '39a3a7ef-a0ff-448e-80f2-635ca531a362', 101, 5),
(744, '39a3a7ef-a0ff-448e-80f2-635ca531a362', 125, 6),
(745, '39a3a7ef-a0ff-448e-80f2-635ca531a362', 1, 7),
(746, '39a3a7ef-a0ff-448e-80f2-635ca531a362', 89, 8),
(747, '39a3a7ef-a0ff-448e-80f2-635ca531a362', 105, 9),
(748, '39a3a7ef-a0ff-448e-80f2-635ca531a362', 71, 10),
(749, '39a3a7ef-a0ff-448e-80f2-635ca531a362', 20, 11),
(750, '39a3a7ef-a0ff-448e-80f2-635ca531a362', 47, 12),
(751, '39a3a7ef-a0ff-448e-80f2-635ca531a362', 114, 13),
(752, '39a3a7ef-a0ff-448e-80f2-635ca531a362', 115, 14),
(753, '39a3a7ef-a0ff-448e-80f2-635ca531a362', 113, 15),
(754, '39a3a7ef-a0ff-448e-80f2-635ca531a362', 147, 16),
(755, '39a3a7ef-a0ff-448e-80f2-635ca531a362', 133, 17),
(756, '39a3a7ef-a0ff-448e-80f2-635ca531a362', 112, 18),
(757, '39a3a7ef-a0ff-448e-80f2-635ca531a362', 42, 19),
(758, '39a3a7ef-a0ff-448e-80f2-635ca531a362', 12, 20),
(759, 'b06ca685-ae2d-4938-bccb-360c56195326', 84, 1),
(760, 'b06ca685-ae2d-4938-bccb-360c56195326', 102, 2),
(761, 'b06ca685-ae2d-4938-bccb-360c56195326', 35, 3),
(762, 'b06ca685-ae2d-4938-bccb-360c56195326', 27, 4),
(763, 'b06ca685-ae2d-4938-bccb-360c56195326', 8, 5),
(764, 'b06ca685-ae2d-4938-bccb-360c56195326', 92, 6),
(765, 'b06ca685-ae2d-4938-bccb-360c56195326', 56, 7),
(766, 'b06ca685-ae2d-4938-bccb-360c56195326', 32, 8),
(767, 'b06ca685-ae2d-4938-bccb-360c56195326', 55, 9),
(768, 'b06ca685-ae2d-4938-bccb-360c56195326', 138, 10),
(769, 'b06ca685-ae2d-4938-bccb-360c56195326', 21, 11),
(770, 'b06ca685-ae2d-4938-bccb-360c56195326', 113, 12),
(771, 'b06ca685-ae2d-4938-bccb-360c56195326', 26, 13),
(772, 'b06ca685-ae2d-4938-bccb-360c56195326', 54, 14),
(773, 'b06ca685-ae2d-4938-bccb-360c56195326', 85, 15),
(774, 'b06ca685-ae2d-4938-bccb-360c56195326', 158, 16),
(775, 'b06ca685-ae2d-4938-bccb-360c56195326', 146, 17),
(776, 'b06ca685-ae2d-4938-bccb-360c56195326', 150, 18),
(777, 'b06ca685-ae2d-4938-bccb-360c56195326', 130, 19),
(778, 'b06ca685-ae2d-4938-bccb-360c56195326', 97, 20),
(779, 'ecd9df0d-8663-4f02-bf0a-146279a53cec', 102, 1),
(780, 'ecd9df0d-8663-4f02-bf0a-146279a53cec', 115, 2),
(781, 'ecd9df0d-8663-4f02-bf0a-146279a53cec', 140, 3),
(782, 'ecd9df0d-8663-4f02-bf0a-146279a53cec', 150, 4),
(783, 'ecd9df0d-8663-4f02-bf0a-146279a53cec', 118, 5),
(784, 'ecd9df0d-8663-4f02-bf0a-146279a53cec', 24, 6),
(785, 'ecd9df0d-8663-4f02-bf0a-146279a53cec', 133, 7),
(786, 'ecd9df0d-8663-4f02-bf0a-146279a53cec', 101, 8),
(787, 'ecd9df0d-8663-4f02-bf0a-146279a53cec', 117, 9),
(788, 'ecd9df0d-8663-4f02-bf0a-146279a53cec', 52, 10),
(789, 'ecd9df0d-8663-4f02-bf0a-146279a53cec', 21, 11),
(790, 'ecd9df0d-8663-4f02-bf0a-146279a53cec', 30, 12),
(791, 'ecd9df0d-8663-4f02-bf0a-146279a53cec', 40, 13),
(792, 'ecd9df0d-8663-4f02-bf0a-146279a53cec', 153, 14),
(793, 'ecd9df0d-8663-4f02-bf0a-146279a53cec', 96, 15),
(794, 'ecd9df0d-8663-4f02-bf0a-146279a53cec', 41, 16),
(795, 'ecd9df0d-8663-4f02-bf0a-146279a53cec', 143, 17),
(796, 'ecd9df0d-8663-4f02-bf0a-146279a53cec', 39, 18),
(797, 'ecd9df0d-8663-4f02-bf0a-146279a53cec', 19, 19),
(798, 'ecd9df0d-8663-4f02-bf0a-146279a53cec', 158, 20),
(799, 'a6e04201-0909-4cbc-ba4f-b73107ffbf80', 69, 1),
(800, 'a6e04201-0909-4cbc-ba4f-b73107ffbf80', 108, 2),
(801, 'a6e04201-0909-4cbc-ba4f-b73107ffbf80', 4, 3),
(802, 'a6e04201-0909-4cbc-ba4f-b73107ffbf80', 54, 4),
(803, 'a6e04201-0909-4cbc-ba4f-b73107ffbf80', 21, 5),
(804, 'a6e04201-0909-4cbc-ba4f-b73107ffbf80', 85, 6),
(805, 'a6e04201-0909-4cbc-ba4f-b73107ffbf80', 9, 7),
(806, 'a6e04201-0909-4cbc-ba4f-b73107ffbf80', 65, 8),
(807, 'a6e04201-0909-4cbc-ba4f-b73107ffbf80', 90, 9),
(808, 'a6e04201-0909-4cbc-ba4f-b73107ffbf80', 59, 10),
(809, 'a6e04201-0909-4cbc-ba4f-b73107ffbf80', 97, 11),
(810, 'a6e04201-0909-4cbc-ba4f-b73107ffbf80', 39, 12),
(811, 'a6e04201-0909-4cbc-ba4f-b73107ffbf80', 160, 13),
(812, 'a6e04201-0909-4cbc-ba4f-b73107ffbf80', 71, 14),
(813, 'a6e04201-0909-4cbc-ba4f-b73107ffbf80', 1, 15),
(814, 'a6e04201-0909-4cbc-ba4f-b73107ffbf80', 22, 16),
(815, 'a6e04201-0909-4cbc-ba4f-b73107ffbf80', 150, 17),
(816, 'a6e04201-0909-4cbc-ba4f-b73107ffbf80', 60, 18),
(817, 'a6e04201-0909-4cbc-ba4f-b73107ffbf80', 104, 19),
(818, 'a6e04201-0909-4cbc-ba4f-b73107ffbf80', 29, 20),
(819, 'd0aaef4f-5290-4211-9181-3913608f4895', 43, 1),
(820, 'd0aaef4f-5290-4211-9181-3913608f4895', 81, 2),
(821, 'd0aaef4f-5290-4211-9181-3913608f4895', 135, 3),
(822, 'd0aaef4f-5290-4211-9181-3913608f4895', 155, 4),
(823, 'd0aaef4f-5290-4211-9181-3913608f4895', 33, 5),
(824, 'd0aaef4f-5290-4211-9181-3913608f4895', 66, 6),
(825, 'd0aaef4f-5290-4211-9181-3913608f4895', 149, 7),
(826, 'd0aaef4f-5290-4211-9181-3913608f4895', 20, 8),
(827, 'd0aaef4f-5290-4211-9181-3913608f4895', 83, 9),
(828, 'd0aaef4f-5290-4211-9181-3913608f4895', 5, 10),
(829, 'd0aaef4f-5290-4211-9181-3913608f4895', 111, 11),
(830, 'd0aaef4f-5290-4211-9181-3913608f4895', 41, 12),
(831, 'd0aaef4f-5290-4211-9181-3913608f4895', 74, 13),
(832, 'd0aaef4f-5290-4211-9181-3913608f4895', 13, 14),
(833, 'd0aaef4f-5290-4211-9181-3913608f4895', 158, 15),
(834, 'd0aaef4f-5290-4211-9181-3913608f4895', 80, 16),
(835, 'd0aaef4f-5290-4211-9181-3913608f4895', 62, 17),
(836, 'd0aaef4f-5290-4211-9181-3913608f4895', 46, 18),
(837, 'd0aaef4f-5290-4211-9181-3913608f4895', 61, 19),
(838, 'd0aaef4f-5290-4211-9181-3913608f4895', 91, 20),
(839, '8dc64c56-c5bf-4651-8b01-fecb82e367c7', 121, 1),
(840, '8dc64c56-c5bf-4651-8b01-fecb82e367c7', 25, 2),
(841, '8dc64c56-c5bf-4651-8b01-fecb82e367c7', 98, 3),
(842, '8dc64c56-c5bf-4651-8b01-fecb82e367c7', 31, 4),
(843, '8dc64c56-c5bf-4651-8b01-fecb82e367c7', 18, 5),
(844, '8dc64c56-c5bf-4651-8b01-fecb82e367c7', 8, 6),
(845, '8dc64c56-c5bf-4651-8b01-fecb82e367c7', 61, 7),
(846, '8dc64c56-c5bf-4651-8b01-fecb82e367c7', 139, 8),
(847, '8dc64c56-c5bf-4651-8b01-fecb82e367c7', 1, 9),
(848, '8dc64c56-c5bf-4651-8b01-fecb82e367c7', 136, 10),
(849, '8dc64c56-c5bf-4651-8b01-fecb82e367c7', 144, 11),
(850, '8dc64c56-c5bf-4651-8b01-fecb82e367c7', 5, 12),
(851, '8dc64c56-c5bf-4651-8b01-fecb82e367c7', 26, 13),
(852, '8dc64c56-c5bf-4651-8b01-fecb82e367c7', 95, 14),
(853, '8dc64c56-c5bf-4651-8b01-fecb82e367c7', 19, 15),
(854, '8dc64c56-c5bf-4651-8b01-fecb82e367c7', 51, 16),
(855, '8dc64c56-c5bf-4651-8b01-fecb82e367c7', 146, 17),
(856, '8dc64c56-c5bf-4651-8b01-fecb82e367c7', 36, 18),
(857, '8dc64c56-c5bf-4651-8b01-fecb82e367c7', 116, 19),
(858, '8dc64c56-c5bf-4651-8b01-fecb82e367c7', 11, 20),
(859, '0c2af8e9-ed39-486e-bc65-d06c6bb02d5e', 94, 1),
(860, '0c2af8e9-ed39-486e-bc65-d06c6bb02d5e', 93, 2),
(861, '0c2af8e9-ed39-486e-bc65-d06c6bb02d5e', 110, 3),
(862, '0c2af8e9-ed39-486e-bc65-d06c6bb02d5e', 105, 4),
(863, '0c2af8e9-ed39-486e-bc65-d06c6bb02d5e', 147, 5),
(864, '0c2af8e9-ed39-486e-bc65-d06c6bb02d5e', 92, 6),
(865, '0c2af8e9-ed39-486e-bc65-d06c6bb02d5e', 129, 7),
(866, '0c2af8e9-ed39-486e-bc65-d06c6bb02d5e', 95, 8),
(867, '0c2af8e9-ed39-486e-bc65-d06c6bb02d5e', 91, 9),
(868, '0c2af8e9-ed39-486e-bc65-d06c6bb02d5e', 127, 10),
(869, '0c2af8e9-ed39-486e-bc65-d06c6bb02d5e', 25, 11),
(870, '0c2af8e9-ed39-486e-bc65-d06c6bb02d5e', 48, 12),
(871, '0c2af8e9-ed39-486e-bc65-d06c6bb02d5e', 102, 13),
(872, '0c2af8e9-ed39-486e-bc65-d06c6bb02d5e', 98, 14),
(873, '0c2af8e9-ed39-486e-bc65-d06c6bb02d5e', 45, 15),
(874, '0c2af8e9-ed39-486e-bc65-d06c6bb02d5e', 34, 16),
(875, '0c2af8e9-ed39-486e-bc65-d06c6bb02d5e', 58, 17),
(876, '0c2af8e9-ed39-486e-bc65-d06c6bb02d5e', 6, 18),
(877, '0c2af8e9-ed39-486e-bc65-d06c6bb02d5e', 70, 19),
(878, '0c2af8e9-ed39-486e-bc65-d06c6bb02d5e', 60, 20),
(879, '85eeab4f-c128-4645-a037-6b8bd8c7ffaa', 13, 1),
(880, '85eeab4f-c128-4645-a037-6b8bd8c7ffaa', 93, 2),
(881, '85eeab4f-c128-4645-a037-6b8bd8c7ffaa', 94, 3),
(882, '85eeab4f-c128-4645-a037-6b8bd8c7ffaa', 92, 4),
(883, '85eeab4f-c128-4645-a037-6b8bd8c7ffaa', 155, 5),
(884, '85eeab4f-c128-4645-a037-6b8bd8c7ffaa', 147, 6),
(885, '85eeab4f-c128-4645-a037-6b8bd8c7ffaa', 149, 7),
(886, '85eeab4f-c128-4645-a037-6b8bd8c7ffaa', 67, 8),
(887, '85eeab4f-c128-4645-a037-6b8bd8c7ffaa', 95, 9),
(888, '85eeab4f-c128-4645-a037-6b8bd8c7ffaa', 31, 10),
(889, '85eeab4f-c128-4645-a037-6b8bd8c7ffaa', 159, 11),
(890, '85eeab4f-c128-4645-a037-6b8bd8c7ffaa', 117, 12),
(891, '85eeab4f-c128-4645-a037-6b8bd8c7ffaa', 110, 13),
(892, '85eeab4f-c128-4645-a037-6b8bd8c7ffaa', 129, 14),
(893, '85eeab4f-c128-4645-a037-6b8bd8c7ffaa', 33, 15),
(894, '85eeab4f-c128-4645-a037-6b8bd8c7ffaa', 16, 16),
(895, '85eeab4f-c128-4645-a037-6b8bd8c7ffaa', 27, 17),
(896, '85eeab4f-c128-4645-a037-6b8bd8c7ffaa', 17, 18),
(897, '85eeab4f-c128-4645-a037-6b8bd8c7ffaa', 84, 19),
(898, '85eeab4f-c128-4645-a037-6b8bd8c7ffaa', 9, 20),
(899, '2c4330e6-cfcf-4927-81ea-e01993885b7a', 72, 1),
(900, '2c4330e6-cfcf-4927-81ea-e01993885b7a', 76, 2),
(901, '2c4330e6-cfcf-4927-81ea-e01993885b7a', 10, 3),
(902, '2c4330e6-cfcf-4927-81ea-e01993885b7a', 107, 4),
(903, '2c4330e6-cfcf-4927-81ea-e01993885b7a', 27, 5),
(904, '2c4330e6-cfcf-4927-81ea-e01993885b7a', 61, 6),
(905, '2c4330e6-cfcf-4927-81ea-e01993885b7a', 148, 7),
(906, '2c4330e6-cfcf-4927-81ea-e01993885b7a', 35, 8),
(907, '2c4330e6-cfcf-4927-81ea-e01993885b7a', 117, 9),
(908, '2c4330e6-cfcf-4927-81ea-e01993885b7a', 80, 10),
(909, '2c4330e6-cfcf-4927-81ea-e01993885b7a', 25, 11),
(910, '2c4330e6-cfcf-4927-81ea-e01993885b7a', 15, 12),
(911, '2c4330e6-cfcf-4927-81ea-e01993885b7a', 29, 13),
(912, '2c4330e6-cfcf-4927-81ea-e01993885b7a', 94, 14),
(913, '2c4330e6-cfcf-4927-81ea-e01993885b7a', 2, 15),
(914, '2c4330e6-cfcf-4927-81ea-e01993885b7a', 57, 16),
(915, '2c4330e6-cfcf-4927-81ea-e01993885b7a', 52, 17),
(916, '2c4330e6-cfcf-4927-81ea-e01993885b7a', 54, 18),
(917, '2c4330e6-cfcf-4927-81ea-e01993885b7a', 122, 19),
(918, '2c4330e6-cfcf-4927-81ea-e01993885b7a', 17, 20),
(919, '6adb0da6-afc2-4b15-89c1-f01130fdef1b', 17, 1),
(920, '6adb0da6-afc2-4b15-89c1-f01130fdef1b', 153, 2),
(921, '6adb0da6-afc2-4b15-89c1-f01130fdef1b', 125, 3),
(922, '6adb0da6-afc2-4b15-89c1-f01130fdef1b', 69, 4),
(923, '6adb0da6-afc2-4b15-89c1-f01130fdef1b', 154, 5),
(924, '6adb0da6-afc2-4b15-89c1-f01130fdef1b', 118, 6),
(925, '6adb0da6-afc2-4b15-89c1-f01130fdef1b', 145, 7),
(926, '6adb0da6-afc2-4b15-89c1-f01130fdef1b', 74, 8),
(927, '6adb0da6-afc2-4b15-89c1-f01130fdef1b', 41, 9),
(928, '6adb0da6-afc2-4b15-89c1-f01130fdef1b', 4, 10),
(929, '6adb0da6-afc2-4b15-89c1-f01130fdef1b', 109, 11),
(930, '6adb0da6-afc2-4b15-89c1-f01130fdef1b', 84, 12),
(931, '6adb0da6-afc2-4b15-89c1-f01130fdef1b', 155, 13),
(932, '6adb0da6-afc2-4b15-89c1-f01130fdef1b', 158, 14),
(933, '6adb0da6-afc2-4b15-89c1-f01130fdef1b', 66, 15),
(934, '6adb0da6-afc2-4b15-89c1-f01130fdef1b', 149, 16),
(935, '6adb0da6-afc2-4b15-89c1-f01130fdef1b', 143, 17),
(936, '6adb0da6-afc2-4b15-89c1-f01130fdef1b', 87, 18),
(937, '6adb0da6-afc2-4b15-89c1-f01130fdef1b', 29, 19),
(938, '6adb0da6-afc2-4b15-89c1-f01130fdef1b', 22, 20),
(939, '2a0dd5cc-4bf6-4acc-ab18-645b1c372a29', 81, 1),
(940, '2a0dd5cc-4bf6-4acc-ab18-645b1c372a29', 98, 2),
(941, '2a0dd5cc-4bf6-4acc-ab18-645b1c372a29', 56, 3),
(942, '2a0dd5cc-4bf6-4acc-ab18-645b1c372a29', 51, 4),
(943, '2a0dd5cc-4bf6-4acc-ab18-645b1c372a29', 140, 5),
(944, '2a0dd5cc-4bf6-4acc-ab18-645b1c372a29', 112, 6),
(945, '2a0dd5cc-4bf6-4acc-ab18-645b1c372a29', 53, 7),
(946, '2a0dd5cc-4bf6-4acc-ab18-645b1c372a29', 153, 8);
INSERT INTO `session_questions` (`id`, `session_id`, `question_id`, `question_order`) VALUES
(947, '2a0dd5cc-4bf6-4acc-ab18-645b1c372a29', 25, 9),
(948, '2a0dd5cc-4bf6-4acc-ab18-645b1c372a29', 126, 10),
(949, '2a0dd5cc-4bf6-4acc-ab18-645b1c372a29', 130, 11),
(950, '2a0dd5cc-4bf6-4acc-ab18-645b1c372a29', 26, 12),
(951, '2a0dd5cc-4bf6-4acc-ab18-645b1c372a29', 69, 13),
(952, '2a0dd5cc-4bf6-4acc-ab18-645b1c372a29', 24, 14),
(953, '2a0dd5cc-4bf6-4acc-ab18-645b1c372a29', 83, 15),
(954, '2a0dd5cc-4bf6-4acc-ab18-645b1c372a29', 78, 16),
(955, '2a0dd5cc-4bf6-4acc-ab18-645b1c372a29', 6, 17),
(956, '2a0dd5cc-4bf6-4acc-ab18-645b1c372a29', 79, 18),
(957, '2a0dd5cc-4bf6-4acc-ab18-645b1c372a29', 40, 19),
(958, '2a0dd5cc-4bf6-4acc-ab18-645b1c372a29', 77, 20),
(959, 'e4fb1b43-10de-4743-ab55-fde725090469', 79, 1),
(960, 'e4fb1b43-10de-4743-ab55-fde725090469', 134, 2),
(961, 'e4fb1b43-10de-4743-ab55-fde725090469', 31, 3),
(962, 'e4fb1b43-10de-4743-ab55-fde725090469', 36, 4),
(963, 'e4fb1b43-10de-4743-ab55-fde725090469', 66, 5),
(964, 'e4fb1b43-10de-4743-ab55-fde725090469', 142, 6),
(965, 'e4fb1b43-10de-4743-ab55-fde725090469', 114, 7),
(966, 'e4fb1b43-10de-4743-ab55-fde725090469', 78, 8),
(967, 'e4fb1b43-10de-4743-ab55-fde725090469', 34, 9),
(968, 'e4fb1b43-10de-4743-ab55-fde725090469', 49, 10),
(969, 'e4fb1b43-10de-4743-ab55-fde725090469', 159, 11),
(970, 'e4fb1b43-10de-4743-ab55-fde725090469', 9, 12),
(971, 'e4fb1b43-10de-4743-ab55-fde725090469', 3, 13),
(972, 'e4fb1b43-10de-4743-ab55-fde725090469', 67, 14),
(973, 'e4fb1b43-10de-4743-ab55-fde725090469', 87, 15),
(974, 'e4fb1b43-10de-4743-ab55-fde725090469', 46, 16),
(975, 'e4fb1b43-10de-4743-ab55-fde725090469', 28, 17),
(976, 'e4fb1b43-10de-4743-ab55-fde725090469', 95, 18),
(977, 'e4fb1b43-10de-4743-ab55-fde725090469', 123, 19),
(978, 'e4fb1b43-10de-4743-ab55-fde725090469', 30, 20),
(979, '66909d5f-e273-444d-a790-cfc0a3b3ee6a', 50, 1),
(980, '66909d5f-e273-444d-a790-cfc0a3b3ee6a', 28, 2),
(981, '66909d5f-e273-444d-a790-cfc0a3b3ee6a', 125, 3),
(982, '66909d5f-e273-444d-a790-cfc0a3b3ee6a', 64, 4),
(983, '66909d5f-e273-444d-a790-cfc0a3b3ee6a', 58, 5),
(984, '66909d5f-e273-444d-a790-cfc0a3b3ee6a', 91, 6),
(985, '66909d5f-e273-444d-a790-cfc0a3b3ee6a', 55, 7),
(986, '66909d5f-e273-444d-a790-cfc0a3b3ee6a', 115, 8),
(987, '66909d5f-e273-444d-a790-cfc0a3b3ee6a', 116, 9),
(988, '66909d5f-e273-444d-a790-cfc0a3b3ee6a', 127, 10),
(989, '66909d5f-e273-444d-a790-cfc0a3b3ee6a', 17, 11),
(990, '66909d5f-e273-444d-a790-cfc0a3b3ee6a', 140, 12),
(991, '66909d5f-e273-444d-a790-cfc0a3b3ee6a', 143, 13),
(992, '66909d5f-e273-444d-a790-cfc0a3b3ee6a', 102, 14),
(993, '66909d5f-e273-444d-a790-cfc0a3b3ee6a', 134, 15),
(994, '66909d5f-e273-444d-a790-cfc0a3b3ee6a', 101, 16),
(995, '66909d5f-e273-444d-a790-cfc0a3b3ee6a', 18, 17),
(996, '66909d5f-e273-444d-a790-cfc0a3b3ee6a', 60, 18),
(997, '66909d5f-e273-444d-a790-cfc0a3b3ee6a', 92, 19),
(998, '66909d5f-e273-444d-a790-cfc0a3b3ee6a', 4, 20),
(999, '72c3ad13-c4ea-4fb6-aa43-8411fb800405', 49, 1),
(1000, '72c3ad13-c4ea-4fb6-aa43-8411fb800405', 12, 2),
(1001, '72c3ad13-c4ea-4fb6-aa43-8411fb800405', 27, 3),
(1002, '72c3ad13-c4ea-4fb6-aa43-8411fb800405', 43, 4),
(1003, '72c3ad13-c4ea-4fb6-aa43-8411fb800405', 99, 5),
(1004, '72c3ad13-c4ea-4fb6-aa43-8411fb800405', 130, 6),
(1005, '72c3ad13-c4ea-4fb6-aa43-8411fb800405', 64, 7),
(1006, '72c3ad13-c4ea-4fb6-aa43-8411fb800405', 36, 8),
(1007, '72c3ad13-c4ea-4fb6-aa43-8411fb800405', 81, 9),
(1008, '72c3ad13-c4ea-4fb6-aa43-8411fb800405', 75, 10),
(1009, '72c3ad13-c4ea-4fb6-aa43-8411fb800405', 37, 11),
(1010, '72c3ad13-c4ea-4fb6-aa43-8411fb800405', 15, 12),
(1011, '72c3ad13-c4ea-4fb6-aa43-8411fb800405', 69, 13),
(1012, '72c3ad13-c4ea-4fb6-aa43-8411fb800405', 65, 14),
(1013, '72c3ad13-c4ea-4fb6-aa43-8411fb800405', 126, 15),
(1014, '72c3ad13-c4ea-4fb6-aa43-8411fb800405', 132, 16),
(1015, '72c3ad13-c4ea-4fb6-aa43-8411fb800405', 97, 17),
(1016, '72c3ad13-c4ea-4fb6-aa43-8411fb800405', 142, 18),
(1017, '72c3ad13-c4ea-4fb6-aa43-8411fb800405', 145, 19),
(1018, '72c3ad13-c4ea-4fb6-aa43-8411fb800405', 9, 20);

-- --------------------------------------------------------

--
-- Tábla szerkezet ehhez a táblához `sort_items`
--

CREATE TABLE `sort_items` (
  `id` int(11) NOT NULL,
  `question_id` int(11) NOT NULL,
  `item_text` text NOT NULL,
  `correct_position` int(11) NOT NULL
) ENGINE=InnoDB DEFAULT CHARSET=utf8mb4 COLLATE=utf8mb4_unicode_ci;

--
-- A tábla adatainak kiíratása `sort_items`
--

INSERT INTO `sort_items` (`id`, `question_id`, `item_text`, `correct_position`) VALUES
(1, 12, 'Komponens teszt (például Unit teszt)', 1),
(2, 12, 'Integrációs teszt', 2),
(3, 12, 'Rendszerteszt', 3),
(4, 12, 'Felhasználói átvételi teszt', 4),
(9, 119, 'A repository klónozása a gépre (clone)', 1),
(10, 119, 'Az állomány hozzáadása (add)', 2),
(11, 119, 'A változtatások érvényesítése (commit)', 3),
(12, 119, 'A feltöltés a távoli repository-ba (push)', 4),
(13, 154, 'Komponens teszt (Unit teszt)', 1),
(14, 154, 'Integrációs teszt', 2),
(15, 154, 'Rendszerteszt', 3),
(16, 154, 'Felhasználói átvételi teszt', 4);

--
-- Indexek a kiírt táblákhoz
--

--
-- A tábla indexei `admins`
--
ALTER TABLE `admins`
  ADD PRIMARY KEY (`id`),
  ADD UNIQUE KEY `username` (`username`);

--
-- A tábla indexei `answer_options`
--
ALTER TABLE `answer_options`
  ADD PRIMARY KEY (`id`),
  ADD KEY `question_id` (`question_id`);

--
-- A tábla indexei `exam_sessions`
--
ALTER TABLE `exam_sessions`
  ADD PRIMARY KEY (`id`);

--
-- A tábla indexei `match_pairs`
--
ALTER TABLE `match_pairs`
  ADD PRIMARY KEY (`id`),
  ADD KEY `question_id` (`question_id`);

--
-- A tábla indexei `questions`
--
ALTER TABLE `questions`
  ADD PRIMARY KEY (`id`);

--
-- A tábla indexei `session_answers`
--
ALTER TABLE `session_answers`
  ADD PRIMARY KEY (`id`),
  ADD KEY `session_id` (`session_id`),
  ADD KEY `question_id` (`question_id`);

--
-- A tábla indexei `session_questions`
--
ALTER TABLE `session_questions`
  ADD PRIMARY KEY (`id`),
  ADD KEY `session_id` (`session_id`),
  ADD KEY `question_id` (`question_id`);

--
-- A tábla indexei `sort_items`
--
ALTER TABLE `sort_items`
  ADD PRIMARY KEY (`id`),
  ADD KEY `question_id` (`question_id`);

--
-- A kiírt táblák AUTO_INCREMENT értéke
--

--
-- AUTO_INCREMENT a táblához `admins`
--
ALTER TABLE `admins`
  MODIFY `id` int(11) NOT NULL AUTO_INCREMENT, AUTO_INCREMENT=3;

--
-- AUTO_INCREMENT a táblához `answer_options`
--
ALTER TABLE `answer_options`
  MODIFY `id` int(11) NOT NULL AUTO_INCREMENT, AUTO_INCREMENT=615;

--
-- AUTO_INCREMENT a táblához `match_pairs`
--
ALTER TABLE `match_pairs`
  MODIFY `id` int(11) NOT NULL AUTO_INCREMENT, AUTO_INCREMENT=37;

--
-- AUTO_INCREMENT a táblához `questions`
--
ALTER TABLE `questions`
  MODIFY `id` int(11) NOT NULL AUTO_INCREMENT, AUTO_INCREMENT=161;

--
-- AUTO_INCREMENT a táblához `session_answers`
--
ALTER TABLE `session_answers`
  MODIFY `id` int(11) NOT NULL AUTO_INCREMENT, AUTO_INCREMENT=124;

--
-- AUTO_INCREMENT a táblához `session_questions`
--
ALTER TABLE `session_questions`
  MODIFY `id` int(11) NOT NULL AUTO_INCREMENT, AUTO_INCREMENT=1019;

--
-- AUTO_INCREMENT a táblához `sort_items`
--
ALTER TABLE `sort_items`
  MODIFY `id` int(11) NOT NULL AUTO_INCREMENT, AUTO_INCREMENT=17;

--
-- Megkötések a kiírt táblákhoz
--

--
-- Megkötések a táblához `answer_options`
--
ALTER TABLE `answer_options`
  ADD CONSTRAINT `answer_options_ibfk_1` FOREIGN KEY (`question_id`) REFERENCES `questions` (`id`) ON DELETE CASCADE;

--
-- Megkötések a táblához `match_pairs`
--
ALTER TABLE `match_pairs`
  ADD CONSTRAINT `match_pairs_ibfk_1` FOREIGN KEY (`question_id`) REFERENCES `questions` (`id`) ON DELETE CASCADE;

--
-- Megkötések a táblához `session_answers`
--
ALTER TABLE `session_answers`
  ADD CONSTRAINT `session_answers_ibfk_1` FOREIGN KEY (`session_id`) REFERENCES `exam_sessions` (`id`) ON DELETE CASCADE,
  ADD CONSTRAINT `session_answers_ibfk_2` FOREIGN KEY (`question_id`) REFERENCES `questions` (`id`);

--
-- Megkötések a táblához `session_questions`
--
ALTER TABLE `session_questions`
  ADD CONSTRAINT `session_questions_ibfk_1` FOREIGN KEY (`session_id`) REFERENCES `exam_sessions` (`id`) ON DELETE CASCADE,
  ADD CONSTRAINT `session_questions_ibfk_2` FOREIGN KEY (`question_id`) REFERENCES `questions` (`id`);

--
-- Megkötések a táblához `sort_items`
--
ALTER TABLE `sort_items`
  ADD CONSTRAINT `sort_items_ibfk_1` FOREIGN KEY (`question_id`) REFERENCES `questions` (`id`) ON DELETE CASCADE;
COMMIT;

/*!40101 SET CHARACTER_SET_CLIENT=@OLD_CHARACTER_SET_CLIENT */;
/*!40101 SET CHARACTER_SET_RESULTS=@OLD_CHARACTER_SET_RESULTS */;
/*!40101 SET COLLATION_CONNECTION=@OLD_COLLATION_CONNECTION */;
